137,248,501,230,2170,2870,1058
1886,1182,36,53,2839,2682,213
2078,1182,2064,1838,1966,1892,2840
2213,154,127,91,2560,151,152
2588,2328,2194,2413,2616,2775,1732
258,214,198,18,1247,971,475
1984,230,872,481,2410,1781,685
2400,1086,2176,2104,2154,575,2567
2215,1152,1806,1569,2224,1309,2817
2642,2582,856,2074,1596,1675,1756
1033,1030,1040,2732,1943,2547,2329
1387,206,264,850,-1,-1,-1
1693,1346,1576,362,640,26,641
2574,1603,1042,2435,1742,2447,2584
2272,2144,2182,1773,1591,1949,2470
2575,2543,2562,2397,2819,2813,1189
1088,744,142,1824,1845,1124,1187
623,613,48,285,1745,709,1987
2485,955,66,2465,1315,1962,846
2325,1847,1891,2641,1399,2778,2565
1212,548,1080,1043,1533,487,532
37,640,362,1295,247,783,1091
2416,2354,1047,2245,1422,1627,1217
1087,451,1728,1739,1638,1735,1427
1462,1191,1101,1068,2195,1084,1086
2569,2195,2541,2488,84,2683,1812
2663,206,2390,2542,343,1372,802
1830,1584,1167,1178,1894,189,2739
738,87,2591,2305,1582,194,736
1157,32,-1,-1,-1,-1,-1
212,213,63,216,1077,1174,1620
1398,1100,453,119,2013,2411,1625
1816,340,1751,1690,2551,1874,2373
2597,1753,2068,2457,2678,2666,2856
1730,1467,1132,575,1287,848,510
2496,2308,2453,2463,2472,1508,807
1326,523,2,613,2404,1093,2672
634,359,589,13,174,2092,56
889,618,97,93,1607,570,191
2114,151,127,2113,1929,2105,152
1096,647,1799,2574,328,1150,2031
1795,880,20,661,2554,2573,2604
886,833,467,1758,2160,899,1887
293,1253,1340,1207,-1,-1,-1
551,306,178,141,2550,1488,876
2834,2474,2438,453,2815,2802,495
1560,1378,779,102,1826,643,2831
1876,1875,1872,1402,1704,2609,429
1847,1832,1744,1399,2778,2120,2325
1700,613,1611,1665,2672,702,2404
823,117,413,2013,1398,1100,2411
1170,1102,483,392,435,1111,2438
267,162,32,144,877,2787,1764
1435,1164,534,980,1243,762,2865
1250,1107,1192,1221,2326,2650,344
1649,1485,66,202,2775,1732,2616
1707,1215,165,90,48,2344,1519
30,29,67,22,2291,1724,1506
1821,1496,1716,653,2834,310,2815
780,63,695,719,689,545,1489
591,540,392,147,1939,2077,2798
819,744,580,82,1251,2804,2515
1761,856,1669,549,1931,1909,2708
533,66,1571,1657,952,1653,1747
2059,1625,1415,1687,2722,2678,1487
1040,1906,1033,1943,2547,2732,1078
1722,1239,470,986,509,594,2245
2474,453,1733,2401,2799,2638,2341
2858,2592,2015,2243,2802,44,2728
613,2,122,91,2672,2404,1093
2620,2237,2323,2518,1862,909,587
1757,1673,763,717,1288,2831,2675
2109,1787,12,888,2821,2680,761
189,441,1894,1494,1830,2786,1178
2521,2405,2442,2496,934,935,1365
2681,2607,2472,2535,1997,1167,2374
2810,2017,2712,2529,1474,646,2493
1688,977,152,1225,1855,2431,1927
2848,1596,1601,592,1675,2642,1756
198,258,18,321,909,232,2518
2247,1378,1646,2220,2453,2207,2831
1716,786,1464,45,883,2790,1440
1729,1541,381,56,2546,475,1874
706,635,114,510,1580,325,1548
1455,1418,912,1152,2372,1327,2011
301,86,374,148,71,94,2011
565,566,1,104,1785,128,2855
2251,2183,1010,2418,231,2734,1846
2423,1842,2413,2101,625,972,1791
1959,482,1621,1251,1971,443,1986
162,267,32,1164,345,343,830
146,361,162,144,996,936,1432
393,24,40,162,2002,1218,1661
318,49,8,31,589,2183,2375
789,212,213,5,2291,1174,1109
877,1371,488,1108,267,2548,2787
2341,2332,1014,1613,605,1384,2474
2666,1654,2217,2302,1918,1753,2732
922,601,580,1845,142,744,1468
2480,2331,2441,2452,700,2784,2339
279,56,69,248,2418,2112,1239
1218,551,1133,863,1346,1131,393
1978,1126,1580,756,2826,2415,2600
2156,1241,1569,1733,1728,2579,1531
2680,2467,2498,2504,2821,761,859
745,544,631,615,-1,-1,-1
735,588,464,555,809,949,1219
209,53,208,391,1649,2328,1732
1400,1227,937,912,-1,-1,-1
1433,359,698,1147,2713,219,898
236,184,320,125,2244,1671,2077
1066,538,473,866,575,2400,75
1474,1076,762,229,2810,207,2493
1756,1036,1646,1728,2642,2005,1596
2470,2156,2210,2272,2283,2549,1949
1851,127,151,232,2560,154,2213
748,645,736,61,2076,797,1337
1339,1089,1248,1040,1030,1033,2099
2736,2723,2320,2491,404,326,224
2359,1454,1889,2235,2409,276,2117
1644,652,2062,2091,2616,233,1410
2148,1379,55,1442,1224,339,2154
1954,1672,1403,1767,1666,2295,1646
2529,2357,103,769,2810,646,2493
761,142,12,252,2821,2680,859
2208,1692,453,2158,2818,2727,2403
2311,2175,2293,2095,2329,2732,2628
2637,1224,2403,2516,2108,1904,1898
557,287,117,188,242,2844,1139
262,652,154,127,-1,-1,-1
500,453,182,347,1293,1100,2722
86,22,94,856,112,71,308
1194,1050,1006,2845,2606,2155,2859
2127,83,948,264,556,976,490
957,16,603,97,1810,1044,2783
2478,1949,763,712,2553,1784,1594
1431,1150,476,475,322,321,828
2108,1431,1614,1713,2637,1904,977
1241,1075,630,949,2265,752,2384
2516,2438,2513,1224,363,2222,201
114,108,87,99,22,426,2855
2100,329,286,1782,1440,246,1526
578,269,116,113,2495,125,236
2154,1757,2095,1594,2176,2400,575
2217,2073,1066,640,2887,1883,674
2157,2146,1085,32,2280,2863,1257
1364,1314,1118,645,1839,1636,507
1423,643,1004,1154,1480,2769,2848
1817,1579,1152,219,1144,1928,1800
505,2299,2005,2130,2016,1478,2370
1185,821,1140,476,976,2127,1822
660,103,466,436,965,2610,1200
900,178,551,404,242,224,1139
883,729,805,663,1440,286,246
1410,374,205,510,346,2180,1134
2402,2387,2227,2320,2260,1210,648
1018,790,976,77,2301,263,1185
1810,957,1044,637,2783,966,772
2219,60,1378,1668,2038,2580,2741
246,103,286,218,1440,1526,883
1914,1378,92,1543,2453,2831,2675
581,46,478,117,-1,-1,-1
1977,1582,501,182,372,2493,207
492,176,51,193,723,1195,379
192,193,128,74,2339,1380,2331
1136,968,1120,1623,2547,1654,1753
191,130,308,234,570,1607,97
1108,995,1039,786,105,482,610
2031,1398,325,328,2066,1305,1797
2015,38,560,1556,125,2798,1563
2779,602,2584,2557,1267,1946,2842
34,2264,2141,1789,651,2152,538
1365,1061,716,738,934,2171,2521
460,2474,2344,2471,1187,744,1845
2132,1819,259,1421,2289,594,2833
1516,1348,722,642,2789,797,2167
297,34,279,324,1771,2074,1789
182,396,172,414,2801,436,489
879,1890,1683,1039,2152,1617,340
1304,537,1020,993,263,1565,1184
1569,605,1391,1042,2631,2842,2121
1131,19,80,38,83,1346,1467
960,214,922,1824,860,263,1565
910,765,348,790,1199,1565,1306
626,516,412,2215,1177,1505,2610
2796,2625,2687,2772,2802,2728,2695
55,2228,1476,800,403,170,282
1416,144,208,1167,1634,21,2222
177,58,163,68,2441,2177,529
2403,1224,1194,2112,2818,2727,484
2734,2183,2251,2727,1098,31,219
2649,2621,2629,2634,204,2788,2731
2815,2798,2356,2632,2834,2025,2728
342,206,1684,1499,2409,1709,2825
635,510,610,1428,1467,2632,237
2846,2722,2777,2336,2744,2025,273
587,66,558,199,2518,1862,1485
1175,773,2620,2510,909,2846,2709
2562,2452,2480,2511,1460,1434,1207
302,1329,871,1245,1119,1510,880
335,4,178,141,292,176,1835
1343,1047,761,859,2599,2504,2498
768,604,2465,1558,2730,1381,1664
1840,958,2124,2472,2225,2789,2177
2434,2160,2395,2414,873,939,467
1796,229,1600,1036,724,967,1879
2639,1982,1426,2566,1919,961,2853
74,104,18,266,2855,174,439
1420,1236,832,117,158,2345,1912
124,211,669,105,-1,-1,-1
991,2,757,1174,512,2774,851
1787,1047,1397,1727,2109,2680,761
2545,920,2227,2468,2656,2235,399
296,287,325,117,188,1162,235
1322,178,147,236,331,183,2570
2641,2325,2516,2600,601,2492,1124
2366,557,2345,1750,179,2147,1464
420,191,97,307,1367,1437,2835
1735,815,747,865,2055,1855,2144
118,319,1109,1113,2369,362,1091
1864,523,642,1699,2840,2873,1892
2517,1141,1729,2280,1353,324,643
2593,2354,2494,2570,863,6,1223
1017,1052,1127,2353,2174,1321,1003
161,69,194,148,2022,2158,2709
134,779,97,1042,2861,1607,570
1697,832,1110,877,1105,2611,464
2022,161,1803,1227,2158,2709,2692
2300,2285,1669,191,2517,1634,2330
513,886,2160,2373,2511,628,938
63,216,247,274,1492,2470,661
2146,2095,1301,2063,713,84,1323
2653,2423,2462,2560,2465,2730,79
1983,453,498,250,2508,2801,605
629,928,2165,89,586,1631,2143
1898,856,1629,87,2017,2820,2426
842,751,204,704,2298,2788,2152
372,207,27,172,2493,646,1977
1829,1595,721,1547,2604,1572,2447
2194,2076,1475,1711,2739,1557,1714
2625,341,2456,2621,1597,2716,2669
1940,1861,1848,1820,2314,2866,2614
391,53,209,171,940,914,51
799,146,1866,1501,361,1432,936
1254,1046,724,1146,-1,-1,-1
2598,1789,2025,2786,2846,2801,2799
2349,1696,2133,1396,1910,2658,1166
2183,31,54,1749,2375,2670,589
379,74,128,18,176,492,723
1121,1928,1800,2539,2034,1804,1817
1515,481,1411,1405,964,2834,2356
2050,1710,156,560,1531,1913,1487
1476,55,233,204,403,282,2694
2024,1214,1542,1136,2042,2864,2662
2697,2325,2399,2482,708,1159,649
888,688,859,761,2589,2602,1235
1989,60,527,1458,2801,2777,2770
20,93,28,1831,263,1306,765
2380,2099,2332,1990,2341,2469,2580
2448,2417,2402,1657,2483,1403,751
1609,1230,1257,1265,1692,1404,1793
1279,330,299,1003,-1,-1,-1
1441,1152,1992,1060,1902,937,1306
2218,2155,776,1075,2829,2417,1556
362,319,216,72,1091,1581,2061
1280,900,178,1210,2491,167,2230
1557,773,1494,1800,2739,2194,2681
743,713,472,643,1169,2863,950
1881,1688,1624,1855,2741,2057,2675
2539,2054,2496,2357,1928,1800,1121
252,377,39,142,1274,1267,2779
18,280,198,258,614,1072,1561
129,147,245,131,139,826,766
1084,151,1462,1086,1189,2567,2400
1485,1476,233,1397,587,2518,909
873,850,830,833,2434,973,939
2057,911,1286,2029,1624,2352,2207
934,935,684,710,1629,2521,1365
2356,480,1037,1202,964,2410,685
2363,1499,914,2160,470,986,1051
525,63,62,487,2423,1220,1719
175,66,288,1678,949,809,2526
2616,2448,2453,2586,2775,1734,1732
2674,587,2591,2153,2718,1593,2090
2795,2248,2611,2710,2844,883,2366
282,73,201,349,55,403,1476
1377,1042,73,1193,2530,2799,1983
353,70,28,72,2272,2859,983
2098,2096,2090,2076,1475,2789,2133
383,26,119,81,1646,751,2483
2309,1623,1839,2161,1321,584,2174
200,68,163,209,2217,2584,2744
183,147,35,227,331,1322,2570
1163,83,428,2238,1352,2484,271
111,478,615,557,-1,-1,-1
427,172,122,318,1571,2417,2664
250,204,182,396,2801,1318,453
1206,1033,799,1053,2708,474,751
555,66,1090,1728,2788,2152,2732
881,767,598,718,2583,344,2650
941,28,658,880,1114,2654,371
705,146,361,2027,1432,996,1514
826,324,84,1353,129,210,2828
1580,1384,1183,1126,2728,880,2855
1192,1107,633,874,1820,2668,445
80,227,35,331,6,1274,863
47,2237,701,1095,42,1426,242
2186,1811,2209,1862,1007,2323,2518
1034,747,1728,1232,2775,2276,2616
1270,147,320,1057,1289,2492,1468
544,364,158,254,752,2265,2384
138,103,117,218,-1,-1,-1
1484,777,1201,680,2826,1521,2600
2806,2789,2560,2413,85,2785,2105
2287,1410,1755,1852,1718,1527,891
2304,2163,870,313,1803,1537,2556
1478,982,931,1357,2016,2171,2370
1920,1555,1207,1791,1892,2636,2873
2202,1253,2101,1056,439,1361,190
2321,1911,1930,2182,1986,2283,1067
535,243,1,512,2441,1380,628
1638,525,1119,341,1642,2819,2716
1643,1616,1325,1474,1104,2338,1621
1143,312,50,2279,2501,1424,921
2103,1044,1810,957,236,2077,2771
2158,161,2022,716,2709,2595,1106
2469,2099,2332,2380,2341,1384,605
2618,2543,2475,2596,645,2695,1314
14,144,241,32,427,1571,606
106,219,221,231,55,282,1476
115,108,87,99,2256,110,1605
720,848,477,498,-1,-1,-1
891,50,480,414,455,436,431
1454,499,509,1204,445,1425,1655
1166,1947,1961,1658,1945,1931,2349
91,2213,154,127,157,847,644
2201,1503,1698,2132,1204,2540,1138
1725,495,1581,319,2061,7,1091
2873,2880,36,2560,2840,1892,1886
2414,1149,2373,1450,854,2116,2434
977,970,974,1153,1713,1769,58
1059,992,695,2226,1523,1778,424
240,26,2712,2522,1739,1734,2600
1483,1375,2,691,450,1598,2865
321,162,267,198,1519,1431,322
1260,5,176,1158,429,1402,1195
1692,1491,202,1142,1609,971,2544
62,248,92,143,85,2480,2806
792,199,310,327,835,260,1405
2547,1943,1069,2262,1040,1906,1033
2581,2495,2557,1012,236,2077,2103
289,1311,1285,1342,-1,-1,-1
553,837,582,2582,1728,815,1649
2648,1894,2505,2603,2436,2130,2361
992,689,1314,2226,1059,1226,645
2799,517,1983,2474,2728,2861,366
2867,2655,2609,2671,1005,2563,1335
1272,1053,799,1016,1734,1570,233
298,188,119,265,1049,1013,1209
1457,540,1378,381,818,962,836
2076,1711,1337,2056,1475,2098,2735
1443,1349,199,301,1878,1826,1813
1702,187,1595,1673,2714,997,2596
2520,1736,1554,1778,424,1523,2226
836,760,752,540,1457,2313,962
1860,142,1671,1813,2419,2244,2172
216,274,1119,1037,1897,936,996
133,98,206,-1,-1,-1,-1
1041,53,901,2333,2806,2873,2855
2299,2130,2036,1034,2124,1901,2436
1244,484,319,640,2664,427,2155
1986,89,1336,2007,443,2426,1067
1392,1311,482,1285,-1,-1,-1
2381,2319,1849,1814,1198,2535,1551
471,141,467,343,2414,2378,854
618,548,605,420,2835,1437,2859
1076,157,208,644,2152,2788,555
773,229,2136,2286,2310,1472,1985
2371,2322,1330,2101,1555,1795,1836
756,453,720,923,-1,-1,-1
1116,349,86,2801,71,1062,2770
1838,789,1620,212,2682,2839,1559
2207,1286,1624,2057,2247,2029,2675
765,10,263,348,2659,910,1199
1765,1119,151,1547,2413,2104,1595
1286,911,1221,272,2057,2352,2029
833,467,206,830,1149,1684,343
2847,1041,2234,2588,2055,1735,625
846,32,108,203,1315,1962,2485
869,540,818,62,1905,2317,2185
607,1131,1102,1396,168,315,1890
1774,1711,1509,10,377,1900,1481
243,128,192,74,2331,2441,2784
1928,1568,965,227,1800,1121,2539
205,197,250,170,1479,1650,374
324,40,69,273,2517,1141,1353
851,702,642,991,1587,1522,416
132,652,-1,-1,-1,-1,-1
1960,1702,1784,1595,2819,2876,2575
1973,605,1201,1042,2324,1193,2811
2601,2547,2549,2580,1930,1998,2210
515,463,227,39,2871,1131,2800
1329,1328,575,714,1390,187,866
734,299,475,340,2006,1828,1141
1138,193,385,18,2344,1072,971
346,319,339,216,2180,1410,1227
1342,1311,615,1214,2472,1999,1542
2180,610,1265,1598,346,1410,1227
1205,751,1071,2120,859,64,1229
1793,1598,1431,571,2388,2216,2026
1370,1250,1328,874,1507,212,1724
256,1152,937,626,2727,1526,2818
485,341,102,16,2265,1241,2002
46,2273,2100,1298,1526,883,246
1470,141,702,1326,614,509,2245
1596,297,1438,615,2642,1756,1675
1772,1045,1155,1533,2442,358,2864
1532,1004,1528,1451,1085,274,1634
1553,1152,1451,1416,1832,2827,1891
163,68,29,140,1948,1342,2779
2465,1546,1558,1855,1381,2730,2653
1109,1376,1506,504,2291,1724,2443
2373,914,2254,2367,1816,1786,886
1389,1327,341,234,2811,2643,2864
2170,1677,1070,1764,1376,820,2825
314,1678,1574,767,128,1778,2819
2505,2374,1342,1999,2624,2603,2008
1832,1744,1264,69,1891,1399,2212
1037,247,63,1077,1632,1572,661
2141,69,1203,2088,1874,2166,1729
647,234,130,71,679,1074,675
2224,2215,1158,1863,2594,1987,1773
651,538,365,34,220,2141,1930
2263,2149,1950,1864,2018,1586,1496
76,340,77,145,1102,2539,11
173,571,145,509,-1,-1,-1
412,131,129,534,230,872,1149
1147,556,2797,231,174,2092,1854
2042,1586,712,1859,2442,2622,1155
1505,1479,488,877,218,442,2610
1345,268,1302,285,2711,1652,1419
1639,1524,785,205,469,1211,1405
261,259,258,162,2548,2787,1101
791,471,89,141,518,2143,928
1784,763,712,1949,2478,1673,127
2318,1376,1545,978,2825,2346,355
2490,2354,863,2473,1227,2871,1223
1269,1151,374,934,1634,489,1821
1974,1036,202,815,2582,1675,2588
454,2304,1907,2157,1631,89,2143
2578,1214,1294,2524,2095,2309,1017
2814,2424,2088,2064,728,117,1412
2836,2571,1008,1140,884,2842,1563
332,1563,1279,1438,2801,363,2580
303,1647,1961,1283,-1,-1,-1
1825,1429,1664,123,2107,1865,213
1514,93,924,20,2027,705,30
1281,1195,820,355,2825,1070,1376
28,20,72,266,2274,848,353
247,63,216,274,1492,37,1938
1215,90,183,165,1707,48,1519
1403,1049,1013,930,751,2295,1672
1893,1720,1556,1724,2655,1759,2787
2501,1612,1246,487,1143,2279,1211
428,168,315,2238,1352,2484,1163
2438,453,2403,1973,2792,396,483
495,190,7,1725,1518,964,1567
1479,1065,786,1295,205,2792,1566
2427,1373,2389,2003,790,993,126
1674,1628,416,2001,1000,967,724
1778,1554,1236,1220,1842,2413,2226
2097,1713,613,1660,2173,2559,1858
61,58,29,20,1582,655,2591
1221,633,1192,788,2019,1933,2398
2430,1461,1364,2377,1227,2180,2382
730,229,1042,720,-1,-1,-1
368,634,13,31,207,646,27
1555,36,1516,1221,2371,1656,434
1056,53,1239,470,986,1051,2418
25,7,129,131,1994,2795,1535
1792,544,1172,1385,1804,2392,364
1276,798,510,1058,242,98,1139
2117,40,206,1283,2359,2409,1889
1186,102,526,229,2817,1794,2045
1317,1245,1210,920,-1,-1,-1
802,40,1690,1777,2663,1610,2066
2276,1728,66,2261,2526,2775,2586
1641,451,1445,853,2793,1819,2812
648,306,551,468,1210,2260,2468
2481,1682,2538,2611,1792,2795,1012
1112,33,1998,1930,1355,2008,814
1168,601,580,2343,142,1088,1935
188,298,169,186,296,1994,1162
105,319,118,362,619,566,1695
2527,2228,2376,2500,2131,1524,246
830,206,467,343,2116,998,1372
1831,20,1255,301,1009,402,1999
1487,1090,560,1531,1913,2579,2050
45,2273,2242,1156,805,1440,2033
2677,2545,2550,2656,2476,804,2235
389,2063,1651,1477,2570,1322,183
1134,1,346,1410,2180,2382,1366
667,193,198,634,1264,31,589
2009,669,1846,69,2025,2219,2846
2128,2092,359,667,174,2797,121
1376,820,504,571,355,2346,2825
1660,613,702,650,2404,2672,1093
815,45,1732,1728,2582,2725,2616
345,69,324,273,2455,162,1017
508,2631,2547,2585,1030,2835,1837
2452,889,2331,2379,2784,2166,2339
519,198,371,206,2518,2823,2385
1421,1060,748,1337,1419,1711,1873
264,178,89,141,343,926,1011
2410,964,2344,2417,685,1984,65
1095,326,701,2439,2237,2723,2736
2733,2600,2303,2325,361,1432,799
2638,2193,1983,767,2799,887,70
2720,2265,1289,2384,752,2731,2514
1531,1487,1090,560,1913,2050,1710
2596,2543,2358,2397,2587,997,2714
1208,467,861,40,1141,324,2006
49,750,2092,2183,359,231,31
1826,1443,1560,548,1878,1813,2399
2645,19,2592,2606,2243,1922,2689
965,660,1200,2610,103,1564,2357
2777,2186,2684,2333,2345,2801,2792
2060,2055,1595,1933,2107,2121,1381
1916,1605,1628,11,1668,1006,1911
1790,1782,1716,1750,1785,2251,475
2094,937,2056,484,2818,2727,2403
1078,584,1906,1040,1191,2327,2547
1481,1234,1181,1337,2627,2778,2133
70,66,202,93,572,2638,2182
254,374,119,287,2249,416,1522
1993,199,1469,1723,118,2369,2845
2624,2505,2603,2513,2008,1608,1999
11,76,145,77,340,2307,1417
82,142,195,171,819,1251,1148
921,685,1338,2459,2798,1261,1573
1882,1562,836,1088,1187,1626,1124
223,467,986,830,470,1239,1056
2500,2461,2228,2376,1531,1913,2050
2781,2533,2592,2606,2852,165,355
1573,1267,1261,184,2798,1563,2077
269,19,102,214,116,2779,2494
403,205,386,155,2694,1476,55
1357,16,931,1036,2252,2278,2590
2530,1377,2012,1334,1675,2792,2799
135,473,-1,-1,-1,-1,-1
33,121,167,39,1999,2515,2008
1064,614,655,1583,1561,2404,998
2691,2646,2453,2629,2151,2726,2428
633,270,494,62,1859,712,1656
2443,1632,1695,2291,1174,1109,1077
661,658,434,20,2431,1795,1037
1891,44,1847,1832,308,1399,1553
141,499,89,4,264,335,2853
2203,2088,476,1988,2558,2075,2546
1044,70,1810,2783,1014,966,772
1953,451,118,1745,2204,2802,181
1827,1485,333,1175,2032,426,393
1187,1133,744,726,1124,2850,1882
1102,76,483,1170,392,1931,11
2631,2547,2594,2598,1569,2842,1943
532,507,92,1003,33,2309,2687
1699,879,153,1039,324,1816,345
2546,409,948,2075,2558,476,475
2130,1859,818,2057,2124,2436,2299
2362,680,1430,1830,1718,2049,1461
2866,2567,2507,2614,1940,1861,1950
2253,43,207,172,431,2493,501
406,214,263,348,1306,1304,1565
2512,2428,2445,2240,2726,2151,2686
187,63,72,216,871,1390,1329
336,1076,605,1286,847,91,420
1623,1136,1155,1045,2607,2442,2042
1219,777,1134,652,735,1366,2642
1943,1040,1906,1033,2329,2732,2628
1154,23,204,55,1839,1364,1636
1571,427,172,1265,14,2417,606
766,129,139,2591,2853,1582,210
2339,1303,2331,1362,192,2784,1380
2282,1932,2073,2171,2846,2801,2024
2567,2535,2541,2352,1188,2772,2856
943,102,116,365,-1,-1,-1
340,76,145,126,11,2307,1417
2599,1939,2467,2245,1343,2504,2498
1559,1015,1197,1381,2839,2682,1886
139,245,129,131,766,410,1581
218,103,117,322,329,965,1505
27,2251,174,614,5,431,207
669,282,70,97,1797,2508,1894
2131,2091,1458,1994,55,403,1476
1306,1284,910,263,1565,650,1199
983,79,91,2806,2328,353,157
1612,1246,487,884,1211,2501,1405
1717,1689,1534,1894,2771,236,2077
547,128,104,535,1850,1927,1041
2703,2625,2669,2435,2302,1958,473
1372,873,264,850,467,1011,2782
2027,1862,199,1482,705,1514,924
1359,1231,157,958,1475,1181,2735
1556,1376,1496,1250,2094,2155,2787
1738,66,865,1732,1667,1232,2526
1440,1364,883,660,286,1464,179
1971,1959,1895,1251,482,1311,443
1030,157,1339,2099,2621,1688,1927
1823,532,1006,1315,2485,846,1668
348,263,214,406,2659,765,910
2780,2744,2774,2801,453,2602,2846
2252,1669,1925,2590,2635,1357,16
1541,807,1004,704,2275,2233,2293
2718,279,92,2571,2674,2818,2727
1904,1056,1037,157,2108,2637,1837
2523,1531,1710,2050,1667,661,1487
1079,924,62,2859,2361,1337,1421
1310,927,548,525,1193,1050,1367
520,414,503,43,1260,176,723
2210,663,1533,1930,2601,2283,814
300,280,162,18,361,996,469
2142,23,1214,171,55,2578,1209
2048,509,836,976,2296,852,1668
610,606,32,162,145,1995,390
1141,40,324,297,861,1208,629
1703,1468,1185,1610,2115,335,176
1268,714,319,105,-1,-1,-1
1013,294,64,1651,1999,84,2515
1042,1391,1053,462,2744,2635,2435
1428,1408,1388,1386,-1,-1,-1
2054,639,1912,1121,981,2777,2792
1472,773,1985,2286,2136,2310,1600
125,184,236,320,2798,2015,2495
2168,945,191,1964,2584,2861,2744
820,280,1195,1058,2825,1376,355
2165,1171,2143,467,89,586,1631
2646,2615,2616,2582,2276,1965,2586
1301,1004,324,713,1196,1666,2118
1315,846,937,620,1962,2485,211
1020,765,1072,1565,1561,2,1184
1805,666,721,1334,1948,878,1828
1118,163,770,843,42,47,242
1839,935,1642,1636,1364,507,1154
2630,961,2589,2485,1517,2033,2417
2783,1044,2103,2704,1810,772,966
1653,815,1410,250,1169,2863,952
914,850,683,940,925,1054,862
1089,204,1906,1033,2284,2732,1961
2382,1227,1755,1803,346,1295,1410
1917,815,887,1449,353,1140,1850
286,103,45,46,1440,1750,883
2488,2161,1214,2095,2578,1473,1651
1065,654,892,588,2122,1491,350
2705,2533,2606,2671,657,662,2279
1382,1269,1151,60,2368,1371,885
144,316,32,14,900,1118,843
1211,310,327,606,1612,1246,1405
443,82,482,769,1285,1986,2426
1607,97,366,191,570,779,1880
41,2043,255,1678,288,423,230
695,92,540,1220,545,689,140
1046,103,1291,2351,246,1526,1298
1158,820,2291,1987,1506,2224,1863
1162,44,1286,2072,296,188,801
323,69,331,168,1213,315,1751
482,443,103,396,1285,1959,1971
1477,1266,1118,239,2673,2566,2078
493,2418,2562,1056,1532,274,1085
1432,1127,1170,799,936,361,1618
1003,968,719,1112,2174,1321,84
1732,1728,1678,66,2775,2582,887
2151,1378,1990,603,119,2691,2634
10,263,348,248,377,727,1900
710,684,689,934,1155,919,358
980,606,519,667,53,2076,2738
2735,2130,2124,2299,2133,1475,1181
494,157,152,270,2785,2806,91
871,187,866,885,1329,2838,874
885,187,714,1371,2838,871,1201
2535,1189,2024,2309,2801,2846,2744
835,22,78,792,420,2769,2728
375,16,396,197,436,455,2282
2003,873,899,973,2389,2427,1373
438,1403,140,1031,2732,1753,1918
2656,2471,2545,2468,2227,2260,920
253,251,326,371,2396,1853,2654
1866,741,1178,199,1432,996,799
1711,57,1626,1168,2735,1475,2076
457,350,48,202,2246,2159,685
2406,2107,2130,1032,2261,2149,2453
1380,535,47,628,192,2441,2339
1469,424,1448,705,1803,2304,2692
2483,2448,2214,2349,751,1403,474
1465,1264,1280,2235,468,42,47
2197,551,1951,573,2375,654,141
602,184,236,97,2779,1267,252
1330,97,93,20,924,2044,2023
1919,804,573,766,1982,2639,961
395,272,299,204,84,2515,2211
165,195,146,147,2781,2825,355
1558,1381,838,1548,2465,2730,1599
1320,12,1279,1272,1256,1082,761
2242,179,688,1527,1464,2147,2273
1631,89,502,1336,2143,586,2165
1797,1694,494,1771,669,297,1069
2064,1182,1854,53,2424,2814,117
2622,2262,1155,2442,2042,2662,2521
1296,18,1142,509,1951,1969,994
2811,2744,2703,2695,2864,2801,2861
1274,252,80,39,2494,1267,2721
1438,866,1089,1279,1650,2448,2732
396,205,250,162,182,2792,2801
2572,1915,2448,1031,1650,1206,474
1811,670,1007,198,2518,1862,2323
1534,1153,1498,594,2627,408,2004
1728,66,1530,1655,2775,1034,1733
2173,1713,1769,2097,2559,702,2672
2785,2324,2580,2655,2806,2456,644
1627,748,1626,1421,1422,2416,1217
271,237,203,181,1352,428,1163
1050,19,38,657,1193,1856,1338
1214,55,23,968,2578,2524,1294
2439,2320,2396,1963,1095,2237,701
1931,1669,1879,1909,1945,2658,2278
549,16,485,307,2658,2278,1931
2458,1993,1367,2405,927,2172,1671
364,103,14,218,2366,2684,179
2041,63,1065,1402,1491,2167,1492
234,130,91,341,2643,2011,647
2771,1498,2340,2663,1717,2315,2103
2140,1815,1900,618,947,2820,2332
930,494,842,704,1672,1403,2295
1996,1768,1030,1673,2486,2741,75
652,159,155,127,917,1318,2462
2461,2459,685,2215,872,1781,2858
211,181,105,118,1315,97,889
1896,1336,89,1313,2332,2248,629
2161,1537,1085,1636,1214,1839,1799
1939,229,236,659,2077,591,1563
619,512,566,457,1401,105,1695
1349,1261,1000,630,1146,2429,1187
2280,2146,1171,1553,2157,53,831
506,2538,2684,2710,-1,-1,-1
2370,2005,2016,2171,1478,1932,1658
418,278,235,271,2026,2388,346
927,76,548,779,2458,2721,2172
510,2769,374,527,2770,2801,1089
1762,355,165,280,2825,1070,1376
1950,1861,1594,1952,2866,2106,2507
2056,966,748,1231,1802,2818,741
466,464,46,45,663,1240,1526
2803,2463,2308,2496,2788,2629,2880
2778,2733,2325,2742,2565,2133,1181
713,324,297,84,1013,386,2146
2459,38,2461,685,921,872,2798
1964,451,1418,585,824,1153,1905
90,2,48,288,2664,1570,872
2592,2243,801,2015,1922,2787,2841
1895,1616,443,1489,922,1971,1959
1405,1211,1262,327,1602,1612,792
1587,1320,1485,1272,2249,416,1522
2688,2683,2569,2578,2789,2098,2076
1603,201,349,21,838,2516,2574
2550,2227,2468,2237,399,2235,804
1689,1000,1674,1879,967,2557,1714
2692,2479,1180,1718,164,2022,2158
592,297,299,1651,84,1120,2038
2586,2582,1965,2579,2775,2276,2526
2729,1096,1396,2555,1359,2770,2513
2589,652,786,1378,2602,1235,888
511,87,1518,1409,190,1361,964
2016,1658,1478,1990,2370,2171,2005
1542,1179,1209,1214,2837,1342,1654
1731,1728,1655,1739,1090,1965,1913
2835,1246,924,2553,1437,420,2859
283,1086,1127,2240,1250,33,1766
639,188,158,2846,2770,2830,741
698,667,27,614,1604,345,1801
1337,1126,1034,1190,1421,1873,1055
837,694,553,582,188,296,649
1445,451,594,869,1819,853,1641
1081,69,273,34,2846,1763,1780
1930,692,814,1533,1998,2210,156
176,4,5,264,379,492,1402
896,274,1770,575,523,2796,916
2335,1637,1480,2211,955,2854,2838
351,125,320,229,2243,2858,515
2182,175,1344,191,887,1732,2728
2404,2088,1660,2339,1093,2672,702
1110,955,544,877,1697,1105,885
563,38,1574,2655,2144,1735,1719
490,104,74,18,2127,556,976
1572,1037,1077,247,2604,2447,2573
1390,187,866,247,1329,871,885
248,92,75,279,2687,916,2475
750,49,634,13,2183,2375,31
1072,614,51,27,18,1020,1561
2843,2070,2482,2801,1424,1877,727
1164,453,66,720,743,950,534
2171,1478,1658,1344,2370,2016,2005
1833,1669,1152,1556,2845,2818,2153
1161,1037,434,1048,2770,1647,2264
433,406,263,537,1111,673,28
2095,1909,1013,1068,2488,2578,1214
1159,649,341,97,50,2697,356
1004,69,2239,2328,84,395,2219
1093,702,2,1,2404,2672,613
1566,60,282,1485,1305,1479,1337
2344,2274,2043,2048,1707,971,1142
270,157,140,127,3,2819,763
171,386,84,170,1999,2008,2374
1386,955,1385,1388,-1,-1,-1
2615,2579,2582,2586,1734,2775,1232
142,1103,1274,2342,744,1845,2343
757,97,20,847,2728,2774,991
1167,982,441,189,1997,2681,1178
2493,2253,2274,2344,646,207,372
2387,2237,2308,2247,2803,2629,2880
1327,605,94,234,2011,2643,2372
2316,1160,1495,1276,1853,371,516
1788,1140,1763,40,660,2610,965
1668,1006,1253,2055,852,958,2179
266,27,49,5,431,122,207
1912,1898,1750,1747,158,1001,2345
1533,1773,2283,1126,1212,2800,2728
2667,2280,2600,2511,2865,573,1598
2519,1144,1227,1461,1579,831,1169
847,644,494,585,91,2785,451
251,253,326,371,2396,2654,1853
334,210,1524,1420,2226,1169,2863
1313,1274,408,39,1424,2843,44
72,319,118,216,770,19,1574
759,540,748,744,2735,2436,1181
5,4,266,27,1506,1724,2443
1106,554,1803,1718,2595,2028,1670
160,28,538,-1,-1,-1,-1
2526,1489,2448,1728,1734,1739,2276
2557,1146,2342,2429,1879,1450,659
1922,125,560,532,2243,2592,2689
2229,548,487,2101,1253,2234,1897
1149,206,471,830,833,1684,1098
2307,168,197,315,1417,11,340
2551,2390,1969,1685,1874,1816,475
2388,2026,2371,2344,2216,1661,1793
664,82,57,1905,1457,381,818
1747,1743,1169,162,2863,831,1613
120,11,315,607,-1,-1,-1
75,91,170,23,1066,983,2835
936,816,799,1432,996,361,1618
2875,2873,2522,1306,1199,650,1565
1031,1753,1206,1033,2732,2278,1918
1874,1872,1764,1376,2166,2558,2546
2077,1308,1671,1349,1563,2798,2495
964,190,872,1987,1518,2356,495
2435,1409,1592,1200,2802,2703,2728
36,643,1846,2128,2873,53,2840
2061,484,1091,1244,1581,783,319
83,340,40,299,2833,1131,509
1385,1267,1146,1000,-1,-1,-1
1207,74,243,945,2093,2839,2339
1552,1108,60,621,952,2220,1865
571,18,195,280,2014,820,2170
2675,2247,2352,2538,2831,2453,1914
2088,1064,18,476,2141,1874,2424
976,509,18,2127,556,490,1185
562,477,500,1625,1293,294,1100
1690,1201,948,1103,1777,2593,1751
425,184,44,1349,2817,659,2072
1374,850,1375,335,972,625,2423
1458,364,1172,544,2844,1500,2795
2254,11,76,340,2307,1417,771
1745,118,1109,964,623,495,1265
281,353,1282,28,-1,-1,-1
102,116,125,229,1794,2045,2817
195,280,165,18,2014,571,2170
1845,614,18,1562,744,1088,601
2732,652,1031,1040,1033,2284,1753
1436,1370,788,1328,2204,2322,2685
2044,420,2023,20,924,1330,93
1340,1072,634,359,-1,-1,-1
2228,1152,69,1379,2527,2376,55
126,206,77,145,973,1373,2389
2678,2068,2666,2293,2597,1654,1753
2153,1543,1833,1669,2518,2323,2590
1565,214,263,1538,910,1306,1199
392,266,50,172,483,1170,435
2561,2219,2442,2543,2830,1637,2811
1092,1075,354,1227,937,1823,1326
333,22,78,143,426,2849,1827
328,2031,2066,325,1305,1069,1096
2389,993,1684,2385,2003,790,2427
2647,1943,2399,2438,2799,2332,1014
2822,393,2002,1413,2632,1146,1467
570,97,16,50,1607,191,312
1236,1059,1220,992,1523,2226,424
322,321,138,218,1431,1173,1519
450,492,51,9,1754,1460,1401
541,478,218,254,-1,-1,-1
1683,1018,1538,622,2551,475,1816
1189,1086,1586,712,358,1155,1765
155,386,330,204,652,59,2462
1305,1231,1186,1055,1566,1863,2820
2655,2619,2606,2324,1759,1720,2144
1373,830,993,467,2003,2389,850
2463,2280,2428,603,2803,1512,1664
2498,2245,2342,2467,2599,1343,2680
1519,909,1147,626,430,321,1707
1049,946,330,234,1659,1595,2791
465,1388,488,2474,205,374,2572
2177,58,61,445,2425,2225,529
294,155,64,204,1368,2337,562
480,50,266,2,1243,96,27
2568,2186,769,2529,2426,498,2294
1661,1335,1626,1562,2388,393,2216
1593,665,992,575,2718,2674,92
2710,2611,-1,-1,-1,-1,-1
797,39,142,1711,2076,1873,1475
880,658,803,847,1437,2728,1580
39,252,142,12,2315,44,515
1501,799,1432,1278,936,1618,361
9,2,54,90,1559,2839,1174
796,440,142,259,573,471,741
1855,1558,1381,1836,1656,1688,625
462,93,487,208,1043,341,2669
311,1092,1258,1508,2838,1152,477
1245,1160,896,788,-1,-1,-1
1576,1194,1202,1268,1693,1770,916
1875,1070,1643,1950,1766,504,1872
1299,1088,2216,1335,-1,-1,-1
1892,525,1065,898,2840,1865,1966
277,274,462,951,-1,-1,-1
2092,121,198,490,1854,2797,1846
2233,1954,1049,1542,2848,1596,809
523,79,190,403,1770,1944,1518
2256,1771,1694,2263,1710,1487,1531
1448,1227,161,1197,2518,2620,164
662,469,235,361,2705,1080,2279
2030,1132,1848,1370,1820,2049,1192
1799,1168,1636,1506,1367,2161,1096
1848,390,1730,538,2204,2685,2106
2431,2105,1303,1855,1927,1688,1656
382,1458,2000,2022,1360,1981,1115
1127,1053,175,949,1432,361,799
1425,259,1213,315,2354,1751,2871
2390,2385,2414,2434,954,2782,2823
1015,2129,1653,2251,2855,1926,27
107,266,5,411,1695,1704,1549
1338,1152,799,936,2802,921,1856
554,276,69,1106,2595,1670,2028
1938,1837,1911,1904,247,2818,2871
386,294,171,170,1999,713,55
1442,1039,830,561,1605,2006,1140
1249,642,1133,940,450,1401,1434
878,771,721,1836,498,1805,2294
2297,420,1287,2023,1800,2034,1928
1752,1152,146,14,361,1432,799
484,92,2727,2818,2403,2094,788
1878,1826,1416,333,1443,1813,2841
1713,259,613,61,2097,2173,2559
955,865,949,2838,874,2335,87
2046,580,1297,1302,1652,2711,1419
394,42,67,358,242,1426,2072
435,356,122,54,392,431,207
7,1725,2274,172,2664,436,1546
419,420,406,87,51,940,1198
1104,482,82,1616,1643,1621,1860
385,1692,1743,1834,2729,1793,18
245,129,131,361,1618,2623,996
1237,468,1210,1218,1346,2632,83
2484,428,1352,2238,1163,271,1280
1934,1263,1807,773,2595,1472,164
663,286,651,498,1526,1240,466
35,83,194,147,1322,2570,2354
1456,741,1405,24,2804,2792,1479
337,1667,1181,937,2818,2094,2727
221,4,141,239,1280,344,2197
2314,1940,1518,1861,2614,2866,1950
723,176,181,4,492,1260,379
1506,1260,411,1109,2291,1724,2824
1499,1491,940,914,925,862,51
1262,1211,310,327,179,2147,2273
1132,217,33,1258,1647,2728,2796
329,286,246,14,1808,218,1298
640,37,163,187,1693,641,26
1331,775,103,198,-1,-1,-1
935,934,919,1629,2521,1364,1154
603,315,323,18,1648,1413,1131
2784,2441,2480,2744,2331,2452,2339
220,156,185,155,2152,1285,1773
92,2056,2296,620,974,140,912
1782,1619,45,46,2795,2366,2844
1227,346,1152,1144,2180,2382,1410
2737,2665,2722,2560,751,1403,474
2482,1715,2382,2091,1410,1227,346
2053,1518,1773,1547,2507,1594,2866
1409,1050,1201,916,2435,1070,2802
1460,1394,1324,1434,450,767,2562
2594,1951,975,2438,2224,1773,2215
2303,888,1256,156,761,2821,2680
1500,557,169,188,883,2795,2790
1806,50,1752,1622,2278,2506,1669
1767,1155,1666,1191,2547,2298,1040
2468,306,468,2402,1210,648,2260
2112,1152,1400,92,2727,2818,2403
2573,1795,2486,1492,2554,2626,2604
1130,1287,1048,96,2804,2712,379
685,481,2410,1781,1984,65,872
1473,1339,1101,1040,1191,1906,1078
355,195,165,162,1376,2825,1709
347,60,26,86,2291,30,294
2337,1301,1666,2195,2809,555,1672
2424,1454,476,2088,2814,117,2064
772,580,601,759,966,2184,2783
59,156,157,127,330,154,2560
1873,1711,1585,1627,1475,2735,1231
2163,2013,1286,911,1100,1398,2057
1621,1566,769,1501,2804,520,1104
1152,516,626,1137,2792,2838,87
331,147,35,227,183,1322,2570
2602,2147,2242,2589,786,1235,888
2788,2726,2512,2428,2803,555,2732
2002,393,1322,1605,2822,485,1661
174,104,49,359,1854,2797,2092
1647,1438,482,396,1161,2803,1132
1419,1181,601,1317,1421,2711,580
1182,8,215,121,1966,1865,2840
1047,1256,888,1057,2498,2599,1343
219,49,31,359,231,1433,2797
1103,1149,142,1645,2721,927,2172
1781,1707,65,481,685,2410,1984
263,348,214,10,1565,1306,910
762,534,400,267,1814,1435,2600
516,92,236,129,2316,1160,98
152,91,159,270,2560,127,2213
1578,510,1276,635,-1,-1,-1
637,184,189,630,1309,2224,2215
2332,2324,1917,1706,1336,2799,2801
2440,1764,2119,1195,1402,1260,429
42,167,68,365,47,468,876
728,470,126,471,2814,2424,2088
31,27,359,54,2375,2797,589
751,64,704,204,2483,1403,1646
974,540,695,912,620,92,140
1231,748,797,1071,1181,2145,2735
153,156,299,2,642,1134,2180
2607,2309,2442,2535,1623,2042,2622
2066,76,1102,1417,328,1019,2031
1122,1065,2,90,1692,1491,1284
2628,2578,2621,2448,1040,2329,1906
1804,1001,1682,775,1792,1928,965
2828,2479,1776,2539,210,831,826
1444,511,783,37,362,1091,2482
2686,2428,2445,2512,2731,2788,2514
2106,1950,1861,1952,2204,2685,2866
1739,1728,1087,1965,1090,2526,1731
1527,260,688,1290,2602,2287,2589
2432,1685,2241,2412,556,2127,1783
2368,1202,2356,2041,450,1187,1146
327,310,78,22,2206,1602,1456
370,1566,1043,229,1191,2327,1078
2665,462,248,652,1318,1379,2597
416,1822,1522,1628,2249,1587,1140
2315,1498,39,2070,2771,1946,1450
292,242,178,4,335,176,520
1879,1308,1573,1671,659,967,724
1199,910,622,537,1565,1306,765
709,58,10,189,1873,1421,2711
1191,1084,916,575,1906,1078,1473
2091,233,1644,2062,2160,316,1653
445,499,142,259,2425,1655,1133
2342,1935,1879,1349,967,724,659
845,172,7,843,760,803,1911
2331,2203,1988,682,2339,2784,2480
1694,592,1554,1771,2256,297,1059
85,59,127,268,2806,249,2789
1634,201,73,1532,1451,2517,1085
2018,802,1646,1542,2263,1586,2042
2122,1377,453,1052,1065,2636,2827
2090,92,620,140,2785,1593,1253
776,637,759,184,1472,773,2740
2375,2128,2183,2251,589,31,2670
1006,937,852,845,2179,1668,2296
1471,1265,436,510,2493,646,2810
1518,1268,190,1258,964,495,1567
1601,1596,1036,1289,2848,2642,1756
1706,1212,548,1701,618,894,2182
2017,1643,1410,1898,2426,2820,482
2111,2009,1634,1100,1959,2074,1055
272,163,97,68,2794,2057,2537
2147,786,24,1464,2273,2147,179
1256,761,247,12,2821,2467,1082
1743,1404,1692,1707,329,385,442
100,74,243,192,66,453,865
918,916,56,874,1594,2553,2507
1146,1000,724,659,1450,1349,2429
290,1241,1600,1310,-1,-1,-1
981,87,383,2345,1912,158,2054
1303,104,929,940,2452,2784,2379
2813,2737,2687,2777,2876,2716,2819
2537,2156,1126,2037,272,2769,2008
2711,2555,2429,2046,1652,580,1419
88,115,218,431,-1,-1,-1
545,3,185,92,689,1220,695
1053,799,936,816,474,1206,2483
2324,1943,1344,462,666,1574,801
2556,2304,2400,2511,1537,2129,1846
1853,1426,194,941,2396,253,2654
2633,1727,2041,2583,598,767,881
517,2799,271,96,1336,2332,2612
77,126,76,145,280,1959,2014
2436,2343,2349,2445,759,2130,1901
2670,2251,2344,2532,2183,2375,31
1841,1134,21,1242,473,2302,1958
2722,2649,2304,2665,500,1100,1398
1982,1976,1936,900,2639,1919,2853
2508,2438,2482,1983,1318,2801,917
1856,347,294,1566,2025,1338,1050
893,752,759,776,1714,1717,2077
2864,2811,2703,2744,2643,2298,234
1077,247,1037,212,1632,2443,1174
2725,2666,2597,815,1732,2102,2582
1198,1008,1048,488,2826,2863,1521
1057,236,937,872,2094,2818,2727
2107,1825,1355,2104,1429,213,1865
2184,2,752,722,772,966,2555
2582,2579,2523,2526,1732,1974,2775
2193,1569,1669,1042,2799,2786,1640
2514,2445,2225,2425,2731,752,1356
1355,200,216,1279,1930,814,1112
2845,2818,2718,2617,2094,2606,2403
2515,2472,2488,2505,33,84,1013
1217,915,851,63,1627,1422,2416
1384,1126,605,947,2582,2341,1732
1291,1046,103,965,286,1440,2033
2543,2449,1765,2423,2575,2716,1547
2808,2707,2393,2697,2212,1832,1247
2863,2826,2851,2837,1169,1747,831
1966,1838,1182,1559,2078,1865,1892
1113,647,1074,234,1216,674,677
1768,1054,927,1318,1374,972,2423
1794,102,2072,2045,2817,1186,1308
1498,39,252,1274,408,2800,1062
1155,919,934,1767,358,2442,710
2035,1250,1507,1221,1309,1258,1237
2020,1989,1827,1655,1592,533,1485
1190,1126,1034,20,1575,1234,1645
1124,744,142,1187,1935,2343,1562
1744,1399,39,1313,2778,2698,2325
507,33,358,177,1839,1364,1636
2775,2615,1728,2646,2616,1734,2586
2709,2158,2022,2598,161,2692,164
265,186,298,158,-1,-1,-1
2126,1586,1049,2110,1999,2830,33
2837,2826,2406,2453,2830,1542,1637
2073,1883,575,1371,916,2302,1066
1538,1284,1306,1530,1685,1016,2875
2634,1378,2240,2629,2151,2691,119
2583,1727,2562,1324,881,344,598
257,630,487,1633,801,341,393
1599,3,1555,79,763,159,1558
919,719,686,917,2864,710,1045
1101,620,2548,2787,278,877,2592
590,520,239,691,207,403,1476
2558,2551,2088,2546,2075,476,475
1942,1508,183,35,2570,1322,331
2553,1950,2478,2488,918,1594,2813
426,237,197,306,333,1827,2032
1051,915,1239,986,1056,470,2418
2115,1592,1827,1703,335,148,2361
440,499,42,167,796,945,2656
1563,1241,1467,1267,2077,2495,630
2540,2407,1822,2441,1362,2201,683
15,1913,1531,1570,346,2382,2180
2826,2532,2589,2496,1521,2863,2600
463,193,38,227,1467,1124,1187
22,666,2178,333,426,2032,1827
1807,198,916,1180,232,154,2881
2682,898,2609,1843,1838,2839,1886
350,280,146,288,1065,428,271
2457,2293,2068,1753,2597,2678,2831
642,153,1678,809,2382,1199,1101
104,74,359,174,2855,2128,1072
688,1073,1918,99,2649,1753,1136
1698,1204,1503,259,2201,2540,1138
2563,2470,2547,2549,2867,1719,2144
2052,1322,2048,1655,147,2542,1696
2495,2485,2435,2342,2798,2077,526
2869,2491,2656,2677,421,2235,2476
2209,2059,1811,855,1100,1293,1625
2608,1084,2587,1462,997,2714,1595
2236,570,1810,2244,218,934,1170
2742,2722,2325,2627,2778,2133,1231
2291,1109,1158,1838,1506,1724,1174
2352,2018,1646,1004,2057,1288,1032
2817,637,2495,2798,1308,1794,229
1567,151,1518,127,495,439,964
1880,1283,191,71,1607,97,570
1119,1825,815,1091,2876,2596,2587
2541,1651,2358,2397,589,1846,2797
1480,1378,1288,1286,1832,2831,163
1999,2008,1651,1998,171,33,2505
1060,966,1585,2133,2735,1181,759
1193,1042,60,652,1050,1310,1856
422,198,18,145,1997,1630,1167
1434,51,696,940,1394,193,862
987,777,501,524,1776,1061,1484
2223,1917,1339,1040,2310,1472,2286
566,565,619,1401,105,1754,450
2591,248,2475,2487,1582,736,61
1415,208,1100,66,-1,-1,-1
1909,1457,1761,1629,2658,2506,1931
1353,56,643,324,2517,826,1532
178,141,4,264,551,2550,876
369,1958,1066,1730,247,2818,1848
464,466,286,45,663,1240,1526
1791,1668,1253,1784,2055,2101,2423
917,652,155,1318,1379,2382,2508
1530,53,765,1685,1010,348,2659
1925,307,1833,374,2661,2590,2635
929,475,547,2867,1850,2549,1927
2812,1941,2605,2504,853,1445,1819
676,674,679,675,1074,673,1216
605,453,70,97,2801,2728,2341
1564,1177,1200,1512,660,965,2610
2260,2235,306,1976,920,2402,648
1297,1256,1057,580,1181,1231,2644
2479,2158,1718,2022,2508,1776,182
1963,1118,253,326,1139,404,1936
2538,2250,2207,639,158,2345,1912
2032,2011,2023,1712,666,1485,1827
522,2682,2839,1501,1429,1865,213
166,117,447,2844,883,246,1526
1509,761,1229,1274,2850,12,2467
1332,51,128,192,1561,1783,2127
722,702,2,-1,-1,-1,-1
71,94,676,2011,301,86,308
17,204,201,21,1652,2046,1421
1125,23,713,1042,1394,1126,645
1179,272,1032,23,1654,1542,2261
361,146,205,241,799,1432,1618
1901,1562,1882,2489,2130,1234,1256
103,286,246,218,2033,883,1526
684,689,79,3,1196,2118,1301
2627,2528,2504,2111,2340,2145,1534
2038,1595,363,652,2879,2219,2074
1785,1598,490,565,2797,2183,174
312,97,93,16,570,191,1607
1780,1763,1442,1435,2816,2865,2020
128,192,243,91,2784,1,2339
1911,1344,618,1014,1837,2321,845
1650,202,1639,1476,2572,1438,2732
1945,345,485,549,1931,2301,2001
1073,1001,286,745,99,688,413
2522,2328,2412,2407,2065,644,185
779,548,97,93,1607,570,191
1067,315,1959,1986,443,1812,1285
2879,2596,2813,1368,2038,2819,2791
504,33,171,355,1766,1999,1875
1994,1535,1458,1989,883,2795,2844
675,674,679,1074,677,676,1216
1430,1279,523,1381,2362,1718,1409
2096,720,1216,1553,2133,2778,2735
2442,919,1462,1623,1155,2042,2622
1754,20,1670,487,450,828,1434
2600,2571,2603,2511,1521,1814,2826
1243,1008,414,480,27,2855,2836
1998,848,1355,1533,1930,1112,814
214,263,258,198,1822,416,1140
1140,416,726,821,1822,1185,1522
2167,91,1895,1402,1516,1944,644
2609,1724,2291,2562,1620,1559,2839
387,759,1964,2111,1048,2792,2770
1951,876,1889,1631,1402,1296,292
2473,2471,1467,2307,1131,915,1931
441,189,1043,209,2744,679,647
2238,428,1352,315,2484,1163,271
69,273,40,34,2141,2551,2088
1491,1222,1169,1065,2464,2041,1546
950,32,777,743,1613,2863,1747
1862,199,587,1811,2518,2620,2186
2407,1538,1851,2167,2127,976,490
2652,2438,2474,2122,2283,2580,2341
821,416,145,83,1185,1140,1822
1429,213,36,54,2107,1865,2840
649,356,50,366,1159,436,501
1294,1086,1214,1950,2524,2578,1084
407,2110,1368,652,2358,2830,968
413,447,123,325,2795,1782,2777
455,215,50,122,400,2863,2826
860,537,765,263,1304,960,1018
912,695,537,140,620,974,92
2833,2700,1453,1722,83,509,1131
1202,772,1146,619,1098,1520,1149
899,850,830,467,2160,886,1887
931,217,60,-1,-1,-1,-1
1094,341,2102,96,2861,366,2037
1913,1531,1678,1090,1487,2050,2579
755,485,2220,1582,2682,1682,898
1188,1086,916,575,2567,2772,641
255,288,79,59,41,1418,2728
1723,1386,635,1993,-1,-1,-1
1771,1694,592,1368,297,2256,1120
1849,1458,1789,60,1523,424,2520
1976,551,468,1210,2260,2320,920
1672,1666,1403,2175,1954,751,1646
1411,580,1168,57,2571,726,2711
1054,914,487,779,940,1362,193
3,127,1929,584,1196,270,2806
1328,1192,187,714,1940,1188,2398
1379,205,785,800,1318,917,2801
658,197,419,548,1437,2835,420
2275,807,1005,2256,681,2506,1554
478,46,287,246,-1,-1,-1
2801,2508,2482,453,2744,2811,2846
653,78,310,102,1098,1587,2466
2830,2813,2535,1179,2837,2561,1637
801,666,116,113,341,68,2669
2466,533,1524,2455,1098,1149,785
724,184,637,653,967,1879,659
2787,2781,2645,2705,2548,278,2592
1595,951,768,692,1547,1765,2413
1742,1091,341,2023,2574,2447,1572
1664,1429,831,2129,2791,2060,1381
1695,4,1109,876,2774,512,1704
1588,1461,488,235,1521,2826,1907
1718,161,164,2022,1430,2362,1295
1173,1172,322,138,1440,2033,246
131,129,245,224,65,685,872
190,19,372,79,495,964,439
316,144,162,14,2160,2091,2460
1545,1532,914,523,1361,1452,1608
2544,2558,2490,2570,971,2344,1468
2629,1378,1990,2151,2803,2788,2691
1213,323,315,168,1751,2528,1223
2176,473,1242,575,2154,2567,2104
2447,2443,1632,1572,2604,1829,2574
2037,1198,93,548,2625,341,2769
341,68,163,97,2669,2625,801
130,234,191,208,677,1074,1216
1492,230,1409,1462,247,2626,1558
944,97,889,191,2134,1607,570
1226,1220,247,972,992,1059,1314
2235,399,421,2230,2476,804,2677
2285,1231,1421,1475,2133,2742,2735
1773,1533,918,1594,2224,2594,2830
446,40,1141,948,1729,728,2551
2301,1945,1468,1185,2001,1018,821
2281,1658,1737,2028,2433,1932,1116
716,161,148,164,2661,1313,2620
2853,2511,561,1874,1982,1919,2639
222,86,99,148,396,2516,413
2807,2858,2855,2728,2800,515,1207
226,648,326,224,2320,2736,2069
1755,1410,1227,182,2226,424,2382
2841,2671,2592,2807,2243,2787,2548
1598,1340,1015,1519,1854,1483,174
230,288,19,38,2043,872,65
154,127,185,156,151,2560,2462
702,69,694,655,1093,2404,2672
21,144,1282,1379,118,641,1416
803,771,1263,845,172,75,1996
1222,509,1171,1169,628,938,2511
2419,2346,1762,2318,1860,820,2825
1413,1195,667,1138,603,662,2734
2713,2572,898,2527,1433,1903,935
1288,721,272,23,2831,2352,2453
1568,1491,1138,1041,2354,437,2593
1947,1961,1166,1658,2708,2278,1945
2565,1553,2096,2325,2778,1711,249
1300,91,1580,977,-1,-1,-1
2531,2220,2344,2375,43,646,2162
2702,22,666,510,2769,2801,2796
1657,1272,2417,2448,2464,1491,1546
483,202,366,392,1170,1102,435
227,193,280,259,863,6,437
1857,1532,112,978,344,2650,881
123,36,121,213,1865,1429,1892
1308,102,967,1267,2817,2077,591
239,4,178,404,2650,344,221
319,19,362,216,2061,1581,1091
2004,1585,1181,252,408,2800,2340
708,363,694,60,2222,2770,2516
467,206,264,6,1372,1011,2782
449,723,2317,1698,2177,2225,520
2396,1426,1853,2387,253,251,2654
2739,2213,2648,2510,1557,1494,2194
575,274,523,473,916,1066,2400
1467,463,515,2342,2632,1187,1124
2849,2491,2723,2550,1976,876,2230
1133,227,193,901,445,1655,18
645,604,33,608,2475,1059,2618
2322,2149,1950,874,2554,1436,1795
19,319,38,190,770,1131,72
1055,744,1337,1421,2742,2285,2133
2175,1672,652,64,2732,2788,1031
2477,2463,2475,2478,1381,700,604
1708,1556,463,2015,2858,2606,2787
926,833,850,914,1011,1372,2782
2740,1600,2136,2286,1472,2310,1985
2798,2495,2771,2557,2077,125,236
717,545,91,53,1673,644,1688
2511,1171,2390,2434,628,2165,938
1628,145,715,1140,1490,518,2589
320,125,184,229,2798,2533,1879
235,400,32,267,1588,296,1907
958,852,116,529,1668,2296,1840
474,361,202,66,751,2483,1403
48,90,2,266,1215,1707,843
1995,1822,948,1674,145,116,390
2859,2474,2283,2645,2835,353,1079
865,66,1738,809,892,1232,2728
1210,920,900,648,2468,2260,2402
468,306,467,440,42,47,2069
1229,142,761,416,2821,2680,859
1835,876,306,770,2550,399,804
97,944,1880,2162,1607,570,779
2119,1764,40,1459,1402,2440,1260
1283,349,1076,1140,2851,1440,2100
2011,94,191,234,1327,2643,2372
1935,526,756,408,1562,2429,1124
1426,251,242,1139,47,1963,404
1834,533,27,1338,1520,385,2246
646,197,266,392,2493,207,372
1139,47,1118,1095,242,1426,1963
1562,142,1498,1256,1935,1626,1882
2880,2873,2863,2589,2803,2788,2732
1295,1152,1201,896,2382,2595,1718
2292,945,847,1893,844,2846,1499
1915,1279,1438,1646,2666,2737,474
1520,1495,481,685,1202,2246,1149
275,249,869,1005,-1,-1,-1
2377,1081,168,1477,2359,1889,276
1906,1040,1672,1030,1078,2327,1191
1763,1171,40,1141,1780,2816,2865
655,469,235,1582,61,2078,1966
404,253,4,18,326,1936,2736
1824,790,263,1374,1845,2138,744
1082,761,859,12,2821,2109,2680
2346,1376,2318,1764,2825,355,1459
2239,644,1691,847,2261,1654,1918
2876,2625,2669,2772,2716,2714,2621
1750,1577,1001,45,286,1440,1083
1905,285,869,499,2317,2185,1153
2105,36,247,1555,2114,1929,2806
961,61,362,915,1919,2639,1982
2730,1904,2562,2695,2465,584,1005
1801,1108,1639,785,621,2846,1613
1135,237,199,1127,228,426,321
585,157,152,1688,2283,2431,983
1902,1227,766,346,1441,1992,2553
1760,1524,469,205,403,2694,170
1142,614,971,1296,2344,2544,18
2409,2359,2377,1889,2117,276,421
2731,1289,2686,2721,2384,752,2720
628,89,938,2511,1171,2165,1222
1591,473,1066,525,2272,2585,1949
1224,684,1157,538,2148,339,1066
1302,1047,1082,1146,2599,2504,1343
202,66,233,70,228,588,815
641,575,1188,1693,2567,2772,640
491,2652,2598,2156,1667,2381,582
32,162,267,78,210,488,2264
978,722,2,1809,2183,231,2670
630,236,462,2077,1633,1563,2495
110,109,101,117,2345,2801,849
1043,462,771,2741,2453,608,2831
1510,59,620,1418,1691,2348,947
1955,499,509,280,994,2793,1641
206,77,343,40,833,1149,830
151,152,157,159,154,2462,2560
444,2018,1258,2038,395,84,2465
2698,2325,2565,2641,1744,1399,2742
2237,2230,1976,1951,701,1095,2723
1655,1587,175,855,509,594,445
225,1402,4,1695,2804,176,1280
1482,1211,1416,1160,1602,1405,1991
1684,1149,830,206,833,343,264
838,1119,1381,2060,1603,2405,201
2305,955,1371,1090,738,736,1582
1720,1556,605,29,1893,2787,2655
704,494,217,2275,1541,1403,2293
140,494,270,157,620,92,974
863,515,227,6,2593,437,1223
674,675,679,1074,1216,1113,677
2433,1947,2258,2281,1658,2102,2732
488,271,90,477,2854,32,350
1298,775,1083,544,883,286,1440
1719,1574,1220,2563,2423,525,972
994,715,1296,2301,1185,1955,214
73,93,263,201,2025,2815,1069
659,236,526,320,1879,967,724
2261,1617,1542,1200,2406,2139,2239
52,179,310,260,1235,1962,1456
2587,2060,2104,2413,997,2714,2596
1629,935,934,686,2521,2304,1084
850,830,833,264,854,1373,2823
208,204,209,391,2580,2847,2516
288,230,266,228,41,423,2043
442,492,385,429,660,2610,965
180,2,646,1232,2526,1667,54
1586,712,868,1136,2263,2018,1496
1897,1427,1377,2055,2229,996,1501
2043,230,41,2015,339,288,872
2453,2247,1378,2240,1914,2831,2675
2216,1299,1088,1707,2388,2026,2344
2743,418,1410,2091,49,346,231
1290,1100,1230,814,2602,1235,2589
1318,525,1379,652,917,2508,250
2661,2300,2330,2590,307,16,716
691,27,571,519,122,1564,1907
2672,613,2404,2412,1093,702,1700
1083,138,2147,1464,2273,179,1156
2121,2104,23,1546,2060,1314,992
2398,2314,2019,2309,2326,1950,1952
1675,202,1649,1062,1974,2642,2848
2840,669,2522,2328,1865,1429,2873
594,509,259,499,2245,1655,2289
524,432,400,215,359,2734,231
963,962,818,59,540,1457,381
736,58,61,139,2591,1582,788
170,205,171,56,403,55,2694
2034,1200,1512,965,1928,2610,2357
1240,286,663,246,1440,1526,883
967,659,724,1879,2342,1674,2557
954,830,938,467,2390,2782,2823
179,24,260,287,1464,2273,2147
741,310,327,199,2378,1055,1336
2792,2777,2538,2684,1152,877,87
285,82,74,18,450,1483,1020
666,47,98,2032,2072,1485,394
1265,950,1258,891,1921,2246,606
2635,2005,2370,2629,2252,2590,1961
561,324,279,40,1054,1362,2853
2198,2151,1378,521,503,2025,402
1617,157,1300,722,2213,2847,330
2200,1384,618,848,572,947,2332
339,19,362,72,2043,2838,90
2286,1985,1773,773,1472,2136,2310
2605,2512,2555,2603,1711,797,2076
2580,2308,1089,2456,2328,2827,2744
2420,2299,1815,2025,1900,984,2798
2284,1089,652,2278,2732,1040,1943
848,814,720,1998,2859,2274,353
459,1688,2381,2399,2846,2005,2780
1651,84,1541,1528,1013,2515,1999
1645,143,540,1457,1575,1234,836
197,50,27,396,2810,372,207
1085,1451,84,55,1532,1634,274
1850,1538,1340,929,547,1837,1927
1803,1106,1462,1068,2595,1469,2028
777,32,1219,1484,2600,1521,2826
2425,2225,2177,529,445,2317,2185
1842,525,1420,2423,2413,1778,1220
1887,1713,1011,873,886,2160,899
477,499,141,406,2159,2246,2792
1789,201,204,73,2025,2846,2801
1058,820,657,165,355,2825,1709
2019,1221,1268,1328,1933,2398,1820
2415,1588,1521,235,2826,1613,2863
1654,1918,1068,307,1179,1753,2261
299,209,53,153,2203,2546,2075
1608,1545,523,1997,2008,2505,2624
2445,2428,2349,2425,2789,2098,2726
831,119,32,534,1169,2863,1747
397,1814,1613,1917,2442,2622,1155
2549,2547,1904,2470,2272,1949,1591
1068,204,1013,2602,2589,294,1076
306,141,404,42,876,2849,178
2358,1651,2110,2353,2805,2809,2449
872,1781,1984,1921,230,65,2410
1080,662,744,375,2046,580,2711
1242,523,1091,575,-1,-1,-1
1733,1289,587,605,2775,2156,1728
2070,39,1313,1424,2843,727,2662
809,735,555,175,1678,949,1232
2714,2036,2621,2669,997,2587,2596
2162,50,1919,655,2531,2839,1582
2862,2491,2439,2654,253,194,251
540,499,445,259,143,1457,836
1625,1100,108,2281,1398,2013,1293
627,205,2259,502,2460,1271,723
317,1692,1404,-1,-1,-1,-1
986,470,279,1056,1239,2418,1051
78,32,22,310,1334,1607,97
1777,1751,1690,402,2354,2570,2593
1818,1643,1158,924,2383,346,2382
538,28,274,434,651,814,2152
854,467,850,833,2823,2385,998
2727,2705,2718,2674,2818,484,2403
1941,183,1616,769,2812,760,853
2028,1100,69,1990,2595,1106,554
1927,74,929,547,2431,1837,1688
43,392,266,172,646,2810,122
2851,2589,2242,1464,1440,2844,883
136,60,527,-1,-1,-1,-1
816,799,-1,-1,-1,-1,-1
984,976,259,236,1879,2103,1900
2357,1934,103,1803,2610,965,2351
2264,324,1729,1846,2846,2517,1243
1335,1299,1088,27,2867,2216,2563
148,374,87,22,2000,2792,1508
278,319,35,230,1517,2787,2548
315,168,323,69,607,340,915
358,234,116,19,1155,1189,2442
1652,1302,580,1566,2046,2711,1419
1594,763,1242,341,918,2553,1673
2243,1708,2218,2155,2592,1922,2645
181,20,28,118,2259,2460,2728
458,1772,2005,1378,2801,71,2744
1685,1306,1538,765,2432,650,263
330,127,185,156,2462,2560,59
2418,1056,1010,2251,986,470,1239
1195,195,18,162,1402,1260,492
2694,2466,2572,2629,403,170,1476
1449,122,453,1015,2704,2341,2799
1846,36,702,683,2797,1854,121
894,225,350,1135,1706,1404,887
1196,3,951,171,1301,1513,968
1508,1201,1416,108,148,534,1152
1770,523,185,330,896,1944,1576
2179,145,1698,43,1668,1006,2296
887,1732,2182,815,1530,2588,209
2392,1458,1994,544,1792,1804,364
2160,467,1684,1453,886,899,1887
2683,2353,2358,2449,2110,2805,2809
1412,1018,1,365,945,2875,1306
2617,2609,2487,2296,2818,2403,2727
2690,2452,2562,1499,355,2346,2825
1100,1068,2000,2281,1398,2013,2411
1171,1141,628,2511,938,1222,2165
479,1685,1458,1501,1306,910,1199
439,2,74,90,190,1518,1361
814,755,538,1930,1355,1998,156
99,222,119,1,1073,688,1797
868,171,578,1997,1301,2681,1666
241,144,14,356,158,2345,1912
1926,104,1850,122,1020,1561,1239
775,286,-1,-1,-1,-1,-1
410,361,146,362,2858,2802,139
2116,126,264,206,2390,854,2823
2036,62,912,1819,2348,2134,944
2372,86,2298,2329,2643,1327,2011
113,86,94,22,2011,1327,2643
307,16,97,155,2590,2661,2330
2534,2387,2402,2439,2468,648,1210
988,883,849,1352,1163,2484,2238
1220,545,1059,1778,695,689,1842
1990,831,1710,1042,2691,2803,2151
2124,2126,1179,2139,2130,1859,2472
1016,790,406,765,910,1306,1565
2800,2627,2663,2735,2004,2842,1481
673,676,674,675,1074,647,1216
2295,2175,1541,1403,751,2483,474
1000,967,653,637,1674,1146,1689
2397,2353,2358,2309,2805,2449,2110
952,60,1989,1108,1653,1169,1552
1184,406,214,271,1304,1565,263
1464,1290,24,786,1464,2273,2147
1687,26,1100,1596,2582,1732,887
1574,1194,1759,1720,2144,2655,563
1348,892,1295,1076,-1,-1,-1
1391,1042,1043,1193,2678,2297,2435
769,443,482,89,2820,2801,2786
1936,1722,1485,1587,326,404,2736
186,265,298,158,-1,-1,-1
96,229,70,97,1094,2861,2279
381,84,279,56,963,962,1457
1575,1231,1421,1234,1645,1901,2436
2336,2163,2070,1717,500,1100,1293
1325,1001,1311,246,-1,-1,-1
352,1015,155,1072,2220,1846,2827
2258,1658,657,2015,1481,1947,2349
1459,1195,14,1281,355,1376,2825
196,865,-1,-1,-1,-1,-1
50,356,182,172,97,1607,570
1751,1690,571,1103,1213,2354,323
2255,1141,1729,873,2511,629,2846
1521,1379,1476,204,2600,1814,2826
2460,1978,2474,1953,2259,723,627
2671,2592,2344,2548,2781,2825,372
119,158,99,254,2151,2691,2634
866,187,274,247,1390,207,1329
2844,2792,2719,2538,883,1440,2366
721,187,878,1836,-1,-1,-1
1543,1006,1194,1916,-1,-1,-1
1584,1494,1178,773,229,2801,1714
1261,320,195,1205,1671,526,2798
2855,2774,2251,1598,104,1207,174
229,184,236,189,2817,1186,1308
2399,1669,2325,419,2842,2843,2827
844,470,89,467,1011,926,2248
1583,598,177,622,2441,1380,2331
2606,2533,2592,2176,2155,2845,1556
2662,2024,2042,2607,2622,1654,1136
1061,777,939,182,1776,987,842
2487,2296,2463,937,1152,1833,2863
1001,988,729,639,158,1912,2345
1570,1531,175,1009,90,1007,2664
503,436,385,5,2198,27,402
1251,482,82,142,1148,819,184
560,38,405,125,1375,1720,72
2329,2229,1753,2311,2732,2628,1040
2542,22,39,1712,509,1655,594
1783,258,1822,971,2127,556,2432
2728,2695,2638,2652,2802,2799,1580
169,158,188,265,-1,-1,-1
2063,1651,1528,2009,2164,395,643
1453,509,1149,1141,-1,-1,-1
363,208,204,60,2801,2516,2744
89,2292,627,2255,2143,1631,2165
1494,189,1167,1178,2739,2786,1557
1828,1388,462,1948,2006,734,2037
1203,164,276,1092,2595,1670,2028
38,19,129,351,560,2858,1346
940,914,683,1499,51,862,1394
2612,1205,2463,2571,2602,517,2780
876,531,253,701,42,178,2849
620,92,584,598,140,974,912
1239,470,1056,986,1051,2418,971
972,62,696,247,625,1374,2423
1062,769,1048,1116,2786,2770,2801
158,169,119,186,1912,2538,2345
1463,1198,1417,630,801,646,2669
1734,1530,1685,1655,2775,2526,2276
424,406,347,263,1523,2226,1059
521,67,29,143,2691,2587,2726
2669,2625,2588,2621,341,2456,1642
2571,2519,1468,2463,1411,2863,1169
1228,644,977,299,970,818,1457
2449,2358,2353,1651,2805,2110,2397
1009,498,588,464,1687,2846,2582
2816,1763,1780,2441,1988,1380,192
2852,2606,2858,2829,2781,165,1459
2621,1030,1040,2311,2876,2628,2714
1637,1379,652,1566,2830,2837,2561
2786,2739,2510,2648,2801,1494,2799
24,40,188,60,-1,-1,-1
411,1174,2774,512,1695,9,212
1948,163,1578,1386,1805,801,2037
2426,769,1687,2136,2017,2568,443
1402,1195,1376,614,1260,2440,429
973,830,873,939,1360,126,2434
399,178,4,165,804,2476,2235
1005,462,1378,1011,2867,2730,2549
268,185,156,220,249,1345,1421
995,24,2273,2147,1464,179,1156
2504,2467,2498,2245,2821,761,859
828,104,580,1754,450,1460,1431
1859,1691,644,1489,2124,2130,633
938,89,628,2165,2511,629,2143
1616,722,82,642,1643,1104,1474
920,306,648,1210,2260,1976,2402
1944,159,127,232,523,1770,154
415,202,2208,414,1564,1010,927
1234,22,792,824,1575,1645,1901
824,801,22,113,2185,1153,2317
1600,1494,189,1178,1472,2136,2286
701,178,404,326,2237,1095,2723
193,192,128,74,1394,862,940
682,594,535,243,393,1827,1661
975,730,1880,1283,211,2861,1640
598,123,402,535,2583,881,767
911,476,494,299,2057,2352,1032
1528,1311,297,1004,-1,-1,-1
1890,294,1788,1542,879,154,1039
2250,2029,1624,2057,2352,2538,1288
1266,1118,1152,702,2854,2566,1436
472,1966,2078,599,1182,213,2840
2791,2772,2714,2596,2819,1664,1547
349,73,201,70,63,1838,2665
2033,1526,1458,1265,1440,246,286
2462,1851,2113,2400,154,151,2881
856,86,549,222,1089,2175,1777
2072,2045,1334,510,394,242,1426
199,78,310,327,1811,1862,2206
377,39,263,73,10,1900,1774
1258,1132,144,712,918,1992,2815
807,494,1541,2275,2293,2496,704
1812,55,1209,1214,1067,1084,951
2298,2293,1045,2152,2372,2643,842
2296,937,1152,591,852,2533,958
2428,1378,2349,2240,2691,2726,1990
945,535,42,598,1380,192,1412
2712,2641,1216,2168,1130,2820,2025
861,830,850,1208,1141,324,2006
2330,1543,307,1925,2661,2590,16
1710,1253,1655,533,1531,2050,1487
84,56,69,279,1651,395,1003
760,642,90,845,1941,1793,2812
309,815,1587,-1,-1,-1,-1
1815,1501,177,97,2194,252,2193
2804,1674,2440,2259,1621,1130,2792
949,175,865,1678,809,2526,735
1640,191,889,130,1880,2861,2799
692,663,618,2141,2166,2075,2546
2288,1013,1999,1608,1078,842,1040
2721,2490,2593,2651,927,1103,1274
2413,1768,1791,1960,1842,1765,1595
1321,1311,951,3,2309,1003,2174
2045,1308,1794,1186,102,2817,2510
1606,1138,1031,654,761,2680,859
1045,1772,1155,273,919,2304,676
2118,1288,1757,1594,1196,1666,3
2319,1435,1015,453,488,205,1265
1209,1049,1127,330,55,170,951
2506,1761,2275,2278,1909,2658,1931
1701,93,548,924,1618,996,1573
582,272,73,70,553,837,2582
2138,1485,1712,2032,1845,1824,744
1929,1510,1901,1768,2114,159,152
2001,145,1822,476,2301,1945,206
2719,2418,899,2690,1239,1926,470
1894,1830,2005,1756,189,2739,1494
291,1340,1065,891,-1,-1,-1
502,89,176,499,627,2259,1271
380,42,1835,44,666,167,2471
1378,462,1004,1286,2247,2831,2453
1836,1837,721,878,1656,1688,2859
117,45,296,138,2424,2814,2064
215,182,250,50,1410,2743,489
1069,203,605,2728,73,1675,2182
1872,476,1065,667,1766,2367,1875
1549,752,2,1516,2731,2265,2651
378,162,1921,1149,950,1239,606
194,35,253,47,251,371,670
2533,766,2411,2218,320,967,659
1368,921,1311,975,294,2074,1789
2528,2494,1081,2428,1223,437,2871
631,581,218,46,-1,-1,-1
1150,245,235,1431,1096,1566,1790
461,2414,2390,2484,2409,2359,1889
2155,1953,1556,1720,2218,2606,2417
1358,557,186,103,-1,-1,-1
1468,1185,549,428,1845,2544,2138
473,63,434,28,1958,1841,2302
1852,307,1669,1755,1318,917,1650
2790,2538,2792,2795,2147,1156,179
60,86,26,374,2801,2887,2769
752,2,2265,2384,2731,1549,1241
1837,1836,1153,1656,1850,1927,2234
343,40,77,261,264,830,1372
79,270,157,288,1599,2105,2114
1404,1127,1219,1111,1609,1785,231
486,2544,2630,2652,2316,1160,516
2854,2673,1266,2607,129,2517,1353
2172,1671,630,1417,526,236,2458
2818,2718,2403,2617,2727,2094,484
1052,341,2062,2282,2716,1642,2728
2585,1040,2384,2272,1591,2835,2478
1284,765,622,1122,2432,1016,1306
798,635,-1,-1,-1,-1,-1
650,123,406,1306,1565,263,910
1289,727,1241,1270,2384,2731,2720
2152,1666,1672,2175,1076,842,555
606,14,32,144,1571,469,427
665,62,42,167,1574,1374,2695
1861,1848,1328,1820,1950,1952,2106
354,163,97,68,533,1653,952
2673,2566,2222,1477,1086,1266,874
1908,1677,1281,657,355,1376,2825
747,66,148,26,-1,-1,-1
948,324,56,409,475,1729,476
51,192,193,128,940,1394,862
1819,451,1641,1445,853,2812,2793
2472,1342,1840,2124,1654,1179,2794
2471,2402,2227,2344,2632,2235,2869
2668,1820,2398,2019,1952,2326,1496
1854,154,490,198,2797,2092,1846
365,42,69,68,1877,700,1321
2211,2110,1651,1541,395,84,681
402,123,19,38,518,273,948
1172,103,115,1298,883,2851,1440
2012,420,97,1826,1424,1877,2843
729,581,46,541,2273,1464,2147
2327,1812,2293,2311,1906,1078,2628
437,227,331,214,6,1223,863
1822,1522,416,1628,2249,1587,1140
1156,805,322,1464,2273,2147,179
373,1983,1577,1994,2345,2846,2801
497,64,2513,2694,2732,1040,1906
1776,524,1410,1471,987,1061,2479
572,70,96,366,2272,2200,848
6,227,323,331,437,863,1223
2013,500,716,1398,1100,2411,1625
2178,97,184,229,2842,354,2836
456,1534,2184,2336,1389,1580,548
1181,484,1060,966,1231,2133,2735
16,307,374,1669,2590,2661,2330
499,69,58,445,963,2177,2425
937,783,129,626,2818,2727,2403
2401,1190,1126,1978,329,1808,447
26,148,383,981,1693,640,1436
65,685,872,1984,2410,260,230
1010,1530,2251,2418,1734,2775,2276
40,69,324,147,573,2088,2471
2361,1815,1689,2342,1079,2648,2436
2548,2383,2533,2243,2787,1101,2592
1813,1671,1443,1146,1878,1826,125
589,197,174,219,2375,2183,31
1235,1073,186,2589,2602,786,888
2632,2471,2473,2557,1467,1131,80
2026,1707,1088,1299,2388,2216,418
1246,16,487,884,1612,1211,2501
58,1153,869,1905,529,177,2185
4,141,264,335,1260,1402,176
2230,4,221,551,178,1488,2849
2566,1477,2222,1949,2673,1266,8
700,604,2480,2331,2784,2477,243
2278,527,818,1909,2506,2708,2658
1843,1838,121,53,1865,2682,2839
287,325,296,119,1509,80,1205
2289,1696,2108,594,2132,509,2648
213,53,243,36,1429,1886,1966
1075,1241,1934,2265,752,2384,544
1399,1181,1057,1247,2325,1744,2212
150,799,816,1928,1800,1121,1191
2274,1265,2,474,848,122,28
1636,1214,719,1049,1839,1364,507
2871,2490,2632,2416,1223,437,6
1665,1582,1876,2291,971,2544,877
1883,1052,1017,1642,679,1074,1113
925,914,343,1499,940,1054,683
1696,1575,6,35,1562,1882,1626
2769,1651,395,2737,2702,2037,2801
2820,2594,1863,2534,2017,769,2332
360,84,381,171,1186,102,2045
2348,2229,2134,2331,1510,2036,947
2412,2065,2241,2404,556,2127,2432
982,931,1167,1478,-1,-1,-1
726,643,472,324,590,1411,2534
1677,165,355,580,1464,2147,179
1582,755,61,736,2591,655,2150
1673,763,1594,1784,717,2478,1599
2385,519,2160,2363,2823,854,2390
2685,1945,1761,2590,2204,2106,1848
2129,2078,2091,2107,1814,777,2600
2,1561,1072,1184,1020,1041,85
421,141,178,399,2869,2359,2235
2265,1075,1241,1289,752,544,2384
727,39,142,10,377,1900,2843
1667,1253,1087,1668,1738,2526,1232
1522,416,715,994,2249,1822,1587
1753,1654,217,1031,1918,2732,1033
1036,347,21,570,2861,1607,97
2870,2346,2825,2852,1376,355,1908
526,184,102,125,2495,1563,2798
1749,54,37,1122,589,31,2670
204,53,217,250,2788,2732,2284
280,82,165,18,195,2014,571
1626,1562,1168,142,1882,1935,2343
2819,2588,2456,2625,2791,2575,2716
201,73,349,144,2516,1603,2222
1267,1146,229,1254,602,2779,252
1086,1084,2400,1462,1294,1537,2673
1032,911,2352,2057,1288,2029,2247
790,406,765,2389,2427,2003,1373
1381,523,1279,54,2465,1558,1933
586,89,502,1,2143,1631,2165
537,263,433,525,1565,910,1199
2133,1575,1337,1047,2735,1181,1475
2782,2385,2390,2373,467,954,1372
414,60,1435,1364,400,1554,1579
2244,1385,921,236,1671,1879,184
1278,1127,1170,799,-1,-1,-1
1561,193,1332,1434,1072,2404,2672
232,156,59,233,154,2881,2462
2075,476,409,1284,2546,2558,2166
1247,1152,258,38,2707,2808,971
1014,837,848,1726,2135,1044,1810
1394,862,718,598,940,193,51
1988,1,628,1380,2816,192,945
2294,1986,2007,1802,2568,498,2787
2595,1718,2357,2482,1106,554,2028
2262,676,2042,1155,2037,1990,2803
625,157,972,2423,1791,2055,1374
800,453,392,396,403,55,1476
1293,1100,1989,2031,1625,500,1398
203,148,87,70,1516,41,2716
580,259,142,236,1652,2046,2711
388,264,4,5,926,844,467
1178,669,189,2005,1494,2739,1894
172,2,845,7,427,1571,2043
2603,2505,968,2008,2624,2374,1494
238,784,242,194,2862,2316,1160
1727,1397,1699,1320,2583,881,344
448,2053,2149,2314,2772,1950,2353
1659,1642,1030,234,1049,1595,1462
109,110,81,186,1959,1121,482
1490,108,2049,148,1628,2359,2409
1618,1053,1501,361,996,799,1432
2323,1688,1862,585,2518,2186,909
770,19,319,38,72,515,1375
1356,1289,83,1103,2514,2720,752
1408,126,206,833,-1,-1,-1
1602,1211,1515,310,327,2206,1405
116,69,269,358,1995,145,390
966,654,225,1060,772,1810,2783
434,20,93,97,1555,661,972
1546,1329,1491,1558,2464,1492,7
398,1955,280,1995,976,2127,2340
121,123,36,33,2797,2092,1854
2333,652,1849,1789,917,2879,2811
1401,1133,767,51,619,450,1249
2664,720,2464,2448,427,90,7
1548,161,1469,716,2819,2813,1960
1397,1320,881,12,718,1727,1979
95,206,76,77,2770,114,1912
862,51,940,1394,193,683,914
429,388,335,411,1260,1402,2440
305,420,779,312,2262,2769,2796
2658,2457,1270,1289,1931,1909,2278
1736,916,1106,2520,1523,409,424
558,555,533,66,2050,2738,1738
112,234,308,71,86,673,676
1997,1167,1894,1830,2681,422,2374
1366,1134,1282,383,346,2180,1219
1642,341,1389,1380,1638,2456,2625
2023,93,420,1287,924,1330,2044
390,216,63,274,1995,145,116
1098,599,2129,1435,2734,1202,1149
1183,947,282,1983,1318,917,1580
184,236,78,163,1251,2244,1148
1670,1455,164,1203,2595,554,1106
1452,54,1345,978,1545,2465,1422
1495,1195,613,1215,1160,2316,371
1958,390,538,575,473,2302,1841
771,187,721,640,1043,2254,1594
2150,1152,937,92,1865,1429,2107
2093,1380,1988,1583,1207,2784,2339
2317,869,1905,748,2185,1153,2225
23,75,170,84,171,2142,386
2338,1121,1203,1935,2744,2846,2801
81,158,110,117,241,298,2770
401,1757,84,330,1179,1654,2239
1120,652,917,592,2074,2516,1954
122,266,43,172,646,372,2039
2805,2358,2744,2791,2449,2110,2397
498,66,70,202,2568,1127,2294
56,279,84,40,1236,1554,634
2738,2425,2672,2404,2728,2730,558
1933,1838,53,898,2019,1221,1381
2166,2075,1380,1583,1874,2546,2558
1712,363,424,529,2032,1485,533
1820,1192,1107,1221,2668,1693,2019
1537,1086,1084,2304,2556,2863,1462
1903,1152,1682,1458,1526,1440,883
1232,865,815,202,892,1738,1667
1144,32,400,2519,1579,2826,1817
644,157,91,185,2522,2785,79
1724,1109,1506,2291,2824,2443,1174
2643,2607,2372,2622,1327,2011,234
832,805,-1,-1,-1,-1,-1
1656,1005,1574,1037,1855,1836,2431
784,194,-1,-1,-1,-1,-1
1918,1654,1753,1031,2666,2732,1033
2644,975,2632,1575,1343,2599,2504
2626,19,38,2573,2554,1795,2604
1758,830,886,926,1786,899,2373
159,152,157,151,2560,1929,127
164,163,276,69,2595,1670,2028
284,743,1154,934,55,1476,403
1039,340,1699,1890,324,879,1108
259,499,331,261,1641,1819,2793
1604,40,683,726,698,821,1801
686,273,689,780,545,1489,2068
470,279,467,264,986,1239,1056
1714,1494,1689,773,893,1717,2771
1658,1478,2281,2433,1932,2295,474
2744,2110,2562,2801,2846,2338,2780
874,714,955,640,2838,1371,871
2062,1644,533,392,2659,348,1052
2770,2327,2516,2801,1048,527,708
1605,416,861,1442,1916,437,2528
1230,392,453,649,2796,1848,2692
2174,1300,652,1567,1003,1321,584
1344,366,97,779,570,1607,191
529,58,499,2177,869,2225,2185
2554,2573,2486,2563,2626,1795,1572
2049,981,87,1386,495,190,2834
2510,2495,1714,1227,1175,102,1794
1979,1397,1,1434,718,1727,767
2584,1216,2307,2168,677,1113,1074
1169,32,762,2863,831,1747,1653
2384,1036,1040,1974,2731,2720,1289
326,47,253,42,1936,404,2736
2651,2354,2494,2593,752,2265,1549
53,1041,1892,2078,2873,2840,2839
2489,1929,2339,2452,2784,2480,2331
2405,2236,2253,26,838,2577,1466
501,75,390,324,1977,2039,207
1148,184,142,1251,2244,2285,1935
1367,1310,927,1253,420,1799,1427
805,218,103,117,1577,1440,1750
1137,634,650,1781,685,174,872
1524,1379,205,785,1760,2131,2527
2499,2049,2278,2366,253,2846,2396
475,340,76,91,2546,2558,2075
2354,35,1103,2313,2593,2570,1322
2143,1631,938,1896,89,586,2165
366,97,312,66,2861,2799,1094
145,83,77,76,1995,116,390
1312,301,1900,2804,73,1130,71
622,556,537,2432,2241,1412,2065
452,2236,1313,2329,1078,1906,1191
2246,2159,2228,1152,457,477,1520
715,416,83,471,689,780,545
785,467,469,171,1760,264,403
400,87,279,182,2863,1169,2826
1581,1444,362,484,2061,1091,783
496,2538,2611,2684,2516,148,110
1704,1559,1109,1632,2774,1876,9
1248,702,1232,1135,2152,2337,2311
476,475,299,409,2546,2558,2075
217,64,1205,1132,2175,1513,842
1759,1574,1720,1719,2655,2144,1791
2000,148,1458,1989,1398,1100,2013
2887,2512,1378,2837,2802,2217,2796
615,155,158,466,2809,2683,2110
167,163,68,42,1280,2491,2230
1786,1758,11,640,2373,886,899
604,700,274,644,2480,2477,1314
87,148,981,2049,2792,1152,2838
1282,383,575,1134,1476,1379,800
1769,54,2,565,1713,2173,2097
1863,1158,898,1559,2224,1865,2840
1451,1085,1004,324,1532,274,1634
1764,820,1195,1376,2440,2548,2787
2007,766,1262,1588,2568,2294,361
2839,2609,2475,2562,1559,1886,2682
1362,51,914,1004,1054,2452,1394
2518,2294,2323,2153,587,909,1862
1475,1345,1430,1181,2076,2735,2098
531,253,251,194,2654,2396,1853
1177,1095,626,1200,660,2610,965
2507,2478,1950,763,2866,1861,918
855,66,587,558,1007,2579,1531
2383,1863,2224,1818,1158,1987,1515
1577,805,1500,1291,1750,246,1440
2559,1713,2097,2173,2404,613,2672
970,912,818,1614,1228,962,1457
1114,170,205,1591,403,2694,55
2039,885,1371,122,646,2493,2810
2199,1914,2153,1833,2727,788,484
947,814,553,755,1510,2348,2200
273,69,40,34,2846,1081,2744
1216,191,889,130,1074,677,674
1800,1494,1584,773,1928,1121,2539
1107,507,504,344,1250,2650,2035
1126,70,884,2728,2801,2796,527
1965,1728,175,1127,1739,1738,1667
224,178,129,147,2736,2069,1139
818,540,143,529,1457,1228,962
843,371,194,659,242,394,1426
2555,580,1297,1419,1231,1873,2145
901,667,1824,2388,2138,2216,1749
233,66,202,232,1090,2775,2616
1547,1220,1294,1170,1765,1595,2104
447,1298,246,286,883,2790,1808
1225,157,-1,-1,-1,-1,-1
431,207,2493,372,646,266,2039
157,270,127,75,91,644,2213
2351,1788,1177,2242,103,883,2033
599,32,534,279,472,1551,1966
2707,2393,2697,1247,2808,1832,2212
2222,1085,652,103,708,2516,363
1946,1914,1378,1286,1563,2077,526
2395,2160,2385,2319,467,2782,1011
64,217,751,1753,1205,2175,842
325,296,287,119,328,2031,706
1808,1600,46,246,329,447,1298
1396,1047,1274,1071,1910,2349,2214
584,270,91,33,1321,2174,2309
2376,1651,2222,2228,2809,2110,2805
1544,1286,1480,1456,1946,1584,1494
2704,2582,202,2448,751,1403,2737
1090,1428,587,1408,1913,1487,1739
1489,1489,1855,63,689,545,780
2794,2453,2538,2741,2029,2831,272
1165,608,213,2107,1892,1865,1966
2069,900,1936,1976,2736,224,2320
2708,2658,2448,1669,2278,1206,1909
2353,2110,2095,2309,2805,2449,2809
313,127,64,204,971,1692,2344
376,301,1358,168,409,2282,948
2467,2109,2245,1509,1343,2821,2599
763,127,151,1673,1784,1599,2730
1611,613,1616,249,28,1627,2274
996,799,936,361,1618,1432,1501
357,1091,1630,1242,1547,1765,1189
207,372,266,31,2493,431,646
853,271,664,613,1819,1445,1641
156,153,66,558,2113,1930,151
2532,1378,2375,2453,2670,2183,1749
527,60,347,26,1989,2770,1126
915,63,247,68,1931,1203,1008
143,92,67,29,540,836,818
2144,1911,1930,1938,2655,1574,1759
2326,2309,2035,1547,2398,1250,1952
1437,658,880,1066,420,2835,2859
1610,1605,861,416,802,728,1690
2310,773,2286,2136,1472,1985,1600
1910,1033,1031,1475,1396,2349,2214
2856,2309,2662,2607,2567,2772,2042
1900,1865,1774,2140,377,2420,984
1352,1163,428,571,2238,2484,271
1201,852,714,1066,1958,1630,1371
2139,163,2107,1840,2261,2873,1865
57,82,142,280,1717,1297,2555
1809,1785,1749,1545,978,231,2183
1336,928,627,89,1896,2332,629
928,629,89,535,1336,2165,2255
2614,2314,2507,2567,1861,2866,1940
670,194,371,198,2620,1862,2518
680,190,2815,2834,2364,1675,2848
1151,473,26,575,-1,-1,-1
2135,1014,366,1943,1726,2802,2647
1285,975,44,282,482,443,1986
2650,2633,1857,2583,344,881,1727
2248,870,844,81,1896,1887,467
453,250,66,1164,2780,1983,2801
783,129,92,279,2061,1091,1581
1341,1050,355,722,1554,681,2275
2654,1426,2387,2439,371,1853,253
1346,1082,230,42,1237,1131,1218
2610,2351,2495,1564,660,965,1200
1526,1105,877,1265,1440,246,1240
509,519,499,259,594,2245,1655
405,42,19,167,529,2728,1375
1726,1044,887,1409,1014,2135,1606
1962,1151,1382,1619,1315,2485,846
94,71,2011,234,113,301,1327
1011,850,467,1372,926,2395,2782
518,502,89,141,791,195,402
417,1501,1618,483,1231,759,1181
2491,1280,2230,2387,2069,167,306
304,1331,871,663,-1,-1,-1
898,121,655,1966,1854,2839,2092
2343,1696,1910,2004,1124,1562,1626
1334,1308,548,884,2817,2796,2846
694,239,278,404,2849,2069,2410
2411,1100,2015,2013,1398,1625,2163
689,684,695,545,780,1220,1489
1238,860,121,93,654,599,1846
1503,259,1454,1204,2201,1698,2540
2226,1420,1842,1554,1059,1523,992
1204,828,914,509,1698,2201,1503
2687,2488,2507,2553,248,84,1084
2793,2593,2177,2185,1641,853,1445
1678,949,765,175,809,2417,2526
2249,1822,1522,1969,416,1587,1140
2590,2330,2300,16,307,2252,2661
1111,237,433,483,1170,566,1743
367,1927,1881,1855,661,972,2560
356,172,197,182,50,649,501
804,141,4,421,2476,2677,2235
2068,1753,1767,1031,689,1473,2666
1614,1489,2,82,930,2068,851
681,54,2275,1554,1341,2211,2847
1889,89,1336,206,2359,2409,276
2842,2399,2801,727,2178,2800,2843
210,32,78,22,2517,129,2828
481,457,129,131,685,2410,2356
2379,998,2339,2331,2003,1373,1303
359,49,31,219,231,2797,2375
1263,771,803,1060,2028,2553,2692
2159,1520,610,1604,2246,477,457
2279,2215,2218,1409,1143,96,2705
2623,2417,2448,2500,1487,1913,1531
2809,2805,2683,2744,2110,2449,2353
1949,763,1784,127,2478,2272,1591
423,41,228,266,288,809,1649
2245,1509,509,2109,594,1655,1722
1007,843,855,587,2186,2323,1570
993,790,214,467,2427,2003,2389
744,142,463,580,1088,1124,1845
168,323,315,69,340,11,607
946,71,943,191,2861,2744,2846
971,258,565,1239,2544,2344,1692
2726,2428,2445,2512,2691,2151,1990
1715,1311,1528,1694,30,1621,347
29,20,2247,1897,1859,2261,2299
2604,2447,1572,2486,1829,1795,2626
654,488,1846,122,1238,599,1551
939,833,206,524,873,1360,2434
2492,1626,1891,1796,2641,1270,2647
1174,512,212,1077,2443,2291,1109
1865,1843,53,748,2840,1429,1892
2099,1040,1906,1339,1030,2547,2283
260,162,267,24,65,230,792
1981,18,939,1360,873,973,2434
451,499,62,58,1739,2526,1738
409,264,40,299,948,476,2558
2204,1958,2030,2149,2106,2685,1848
308,71,112,130,86,2801,301
1517,1364,820,1007,278,2787,2548
2134,2036,92,62,2348,944,2423
2802,2525,2592,1409,2834,2728,2796
2313,744,2285,1845,1457,836,818
1691,1510,59,974,2785,2806,1593
1417,341,2307,11,340,2254,351
1682,1390,1643,502,2792,2795,1500
1585,1575,1509,1256,1082,1060,761
2579,1090,1913,2448,1531,1487,855
534,267,32,359,1164,2865,1435
98,1276,1160,516,2862,42,394
1180,69,276,161,1295,1718,2692
2577,2458,2521,2405,2815,1724,1833
2364,209,2348,2328,2827,2879,2580
621,347,60,527,952,533,1653
712,665,62,1586,633,2263,2741
1488,900,1363,1465,178,2230,399
1613,1164,396,250,2826,950,2863
2374,1342,1608,2325,2681,2505,1999
2570,2494,2354,35,1942,1322,183
68,163,42,341,801,2669,1463
66,865,1738,2276,892,1232,2616
1255,1217,819,1250,504,1766,1999
512,492,1,411,2443,1174,2291
884,22,94,341,2836,1309,2215
2441,1583,2331,1,1380,243,535
54,1749,2183,31,646,2532,266
1008,1243,164,1203,2836,1198,915
2074,1596,1601,2038,1120,1954,363
2185,869,1905,529,2317,1153,824
2636,121,1182,2551,2839,1920,1559
1985,773,1600,1472,2286,2136,2310
1371,877,955,1110,885,1201,1630
2227,2235,2320,1976,2545,2656,2476
2005,1756,1894,1193,1478,2370,2016
2611,2366,2589,2538,2345,2777,981
2838,1653,2519,2041,885,1152,339
2824,2609,1724,2291,1506,1174,1109
1632,212,1572,216,1077,1037,2443
1427,1119,525,1225,1087,420,2105
1669,2252,1925,2590,2506,1931,1909
1630,1091,1242,1201,1371,1958,422
2065,622,1683,994,2522,185,1016
384,1265,1247,1301,1658,1521,2300
1200,965,103,218,660,2610,1564
244,997,159,652,2587,1595,2714
2850,2504,2821,2599,1509,1187,12
430,31,2375,2183,1519,750,1749
556,476,83,475,2127,490,976
2476,2227,804,2235,2677,399,2869
1620,1174,212,1077,2609,1886,2443
2029,1286,1480,1946,2057,2207,2250
1952,1950,1861,721,2106,2326,2668
2525,1014,1409,1162,2802,2039,646
1,243,547,2093,2784,2339,2331
1496,1370,1250,504,2263,2326,2398
2797,2531,2670,2734,1854,121,1846
2369,1188,2019,2155,118,362,1091
2659,765,2615,2646,348,1530,2062
714,28,339,575,2160,316,886
1507,1370,1250,1496,212,1724,966
101,117,109,218,849,1001,2849
242,47,253,98,1139,1426,900
892,175,63,865,1232,1738,1667
1074,234,677,676,1216,674,1113
2283,1533,605,1998,1837,2272,2470
1360,939,1981,850,873,973,2434
2827,2580,2375,2670,1846,2364,2328
1907,1461,1364,1579,1588,2519,235
1287,1126,605,282,2799,1130,1640
13,231,49,31,2183,750,2797
1969,1283,1149,1604,1296,1951,994
1375,141,1374,335,38,560,72
1671,1450,1267,921,2172,236,2244
657,350,571,355,2781,1908,165
870,823,557,-1,-1,-1,-1
1361,1242,523,978,439,2202,1545
1619,45,46,1500,1782,413,1420
469,205,785,55,662,300,606
1070,355,657,1058,2825,1376,1459
276,161,164,194,2359,1889,2409
548,487,78,485,420,1873,1359
1737,1100,1625,26,1120,1672,555
719,704,523,688,689,545,686
1012,772,202,526,2581,815,1009
1314,1196,1078,645,992,700,2121
2861,2399,570,2325,779,97,312
909,198,2518,2620,2323,1862,587
2513,1608,2505,2008,33,2792,1999
2821,2498,2599,2504,761,2680,2109
93,2023,924,2044,1330,2799,420
614,18,2,83,1072,1470,1700
1153,58,499,360,2185,2317,869
2145,2066,1102,76,1231,1181,2735
1223,35,2343,142,437,2528,6
12,2109,859,1498,1229,2599,1343
514,652,2863,2722,2462,59,330
1858,315,1751,1312,2097,1713,36
1091,118,36,2061,362,1581,783
2273,1908,1298,2242,1464,2273,2147
679,673,676,677,1074,674,1216
1309,1291,709,776,637,2215,1146
1324,862,718,153,-1,-1,-1
108,148,2281,2049,981,413,114
2345,2273,329,1500,158,1912,981
2104,1558,1381,1546,1547,1765,2791
2259,1951,1477,2197,627,2460,502
2560,127,2462,2496,154,151,1851
1105,103,2351,631,1928,1804,1110
1814,210,1211,1230,1521,2600,2826
1264,1218,1237,306,667,1346,1133
2006,1442,1969,409,734,1141,1828
2136,2017,1600,1985,2286,1472,2310
1253,1101,944,937,2101,2229,2234
923,71,-1,-1,-1,-1,-1
683,56,51,940,862,1394,914
786,24,2602,2589,1716,1235,2790
2234,1964,157,2223,2055,2101,1791
1311,968,819,1959,1285,1971,443
274,63,216,247,1532,1451,1085
2486,79,2407,2474,1996,661,1572
2225,2177,1545,1608,529,2317,2425
1071,1049,1078,1040,2742,2133,1191
1648,594,445,1148,603,377,252
2393,2212,1744,2325,2707,2808,1832
2716,2695,1973,2625,2876,2819,2813
2101,2055,2090,140,2229,1791,1253
2241,214,622,994,2412,2432,1016
1579,40,1144,1461,2519,2826,831
1597,548,487,341,2625,2669,2716
1466,1132,1370,1334,495,190,1821
1766,504,1764,1107,1872,1875,1250
1932,1883,1125,1789,1478,2171,1658
1512,1050,1265,1392,1505,2357,218
962,540,818,143,963,1457,836
1115,246,7,205,606,1743,1479
2102,1569,1647,1961,2725,2433,2786
924,20,93,420,2023,2044,1330
1523,1236,575,992,424,2226,1059
344,167,33,54,2650,881,2583
859,142,12,761,2680,2821,1229
1363,141,948,1210,-1,-1,-1
2008,1992,1649,1999,1608,2505,33
127,185,270,91,2560,154,151
2689,2592,2606,2645,1922,2243,2841
677,674,679,675,1216,1074,1113
1709,820,1070,1281,355,2825,1376
2195,1666,1672,1954,2547,1462,555
998,873,2331,2379,467,854,1372
231,13,49,31,2183,2797,219
1646,1634,1036,1378,751,1403,2483
1992,1112,1311,1342,1594,1952,918
1450,1349,1146,1385,2557,1879,967
1961,1658,1166,1647,2635,2788,2803
1987,709,1520,664,2224,1158,1309
2212,1247,1832,1553,2393,1399,2325
2772,2668,2398,2614,1188,1950,2567
601,580,594,57,1124,1845,2641
487,420,102,341,1427,1437,2835
1633,485,487,420,630,2077,1563
1666,1403,1728,2337,1954,1301,1672
2700,2395,2410,2571,2127,976,556
2113,156,232,1851,151,154,2462
67,92,22,143,571,2004,2835
588,202,66,587,1687,887,815
1422,187,866,63,1627,2416,1217
643,381,84,324,2517,1423,1353
2865,1085,2630,573,2816,2667,1483
2881,2873,2560,2875,154,151,2462
852,680,538,323,958,1668,2296
2308,2247,1378,2240,1990,2691,521
2149,2106,1950,1370,2406,2866,2675
436,1977,891,356,489,1410,182
1461,346,1364,1266,2430,2180,1227
951,645,930,641,1321,1003,1209
2494,2473,2354,35,2793,1641,1445
767,51,451,2583,881,598,1727
1019,879,994,261,2066,1103,499
408,189,184,10,2340,2004,2771
1592,1569,1471,21,1710,2020,1827
2831,2453,2247,2675,1288,1914,1378
2220,2107,1966,53,2797,121,1846
1622,1265,267,190,439,2356,964
2025,1640,191,1789,2846,2815,73
2014,195,1628,1995,280,571,820
2825,2318,2419,2690,1376,355,2346
968,615,1894,1178,1196,2688,1209
2120,2005,888,2109,2680,2821,761
310,1821,792,835,1405,1456,2712
1257,250,208,40,2863,1169,1613
2823,2385,2782,519,2390,854,850
2723,2237,2439,2491,701,1095,2736
1160,1133,876,510,2316,1495,371
2695,2625,2655,2307,700,2728,2796
1048,312,191,889,1161,2770,1062
573,490,128,192,40,2667,796
718,598,512,492,1979,1397,1727
44,42,19,68,2858,39,515
1921,1265,32,267,534,2148,685
237,66,90,199,442,1505,2792
1991,199,1070,1708,355,1908,1376
1271,1260,176,502,1195,723,1402
1802,752,30,1585,2727,2094,2818
1388,1385,1387,1386,-1,-1,-1
2328,2239,847,2240,2588,2580,209
2774,1695,2476,9,1174,1704,512
1624,1378,911,1286,2057,2029,2352
2302,1958,2217,1544,473,1841,2703
2829,2533,2218,2015,2155,129,1939
997,803,96,2714,2587,2596,2608
2684,2366,2481,2538,1156,2147,1464
371,253,47,326,2654,1853,2396
2320,2260,1936,2237,1976,2736,224
696,193,121,862,1054,1434,51
8,49,359,31,2797,1182,121
849,117,188,138,1912,2345,158
149,272,312,366,-1,-1,-1
489,2180,43,1410,436,182,435
2789,2673,2222,1949,2098,2076,2445
608,584,127,151,1165,1226,2475
2429,2342,1879,1935,1124,1187,1146
295,91,1348,270,-1,-1,-1
2110,3,1651,2358,2805,2449,2809
2206,1821,653,199,327,1602,1456
1513,33,1250,1402,1196,951,2326
185,156,157,127,2065,2522,644
374,148,87,86,2846,2025,2499
2055,1253,1897,1791,2234,2423,625
2378,1643,1896,2255,741,471,2667
147,331,35,40,1187,2052,1882
432,215,87,319,1644,891,436
2464,1693,2223,2061,1546,1657,1491
1197,121,898,524,1865,1892,1843
338,176,1402,4,2344,1260,520
2340,1498,408,2315,2627,2771,2004
2619,2604,1591,2601,2836,96,2283
228,41,266,237,1007,909,2186
1418,970,1964,818,2547,974,1040
1551,1435,267,610,599,654,2734
2240,2059,1737,1687,2151,2642,2803
1554,1523,1059,1236,681,2275,1341
2741,2453,2675,2538,1881,2247,2831
1424,1274,1313,2315,1877,2843,2012
1323,823,1068,870,1013,1078,2288
249,85,268,156,1711,2565,2445
2367,1102,2117,2363,1874,2546,2075
788,484,2727,2199,2818,736,2617
2455,1163,2285,2367,345,1017,698
1535,453,1449,606,158,1912,2538
1877,1313,1424,1744,2843,2012,365
2214,751,1033,1089,1910,1396,2627
2417,1272,1657,799,427,2218,90
2456,341,1960,2423,2669,2785,1642
2524,1214,1209,2309,1294,2578,1321
916,248,523,554,575,2073,2302
2475,645,2456,2348,2618,2591,1314